state,plant_name,city,legacy_impoundment_flag,compliance_website,region,coal_rank,coal_type_raw,liner_status,impoundment_status,county_population,county_median_income,county_poverty_rate_pct,coal_burned_tons_2024,n_ponds_assessed,coal_rank_source,coal_rank_note,liner_status_source
Alabama,Widows Creek Fossil Plant,Stevenson,Yes (1) and Potential (2),https://www.tva.com/environment/environmental-stewardship/coal-combustion-residuals/widows-creek-coal-combustion-residuals,South,Bituminous,,,,,,,,,regional_prior,"Regional prior only (USGS COALQUAL regional pattern, per US_Coal_Ash_Pond_Inventory.xlsx Read Me). Real plant-level EIA-860 coal type from census_data_towns_and_power_plants_1.xlsx is used instead wherever available and always overrides this prior.",national_prior_94pct_unlined
Alabama,Barry,Bucks,No,https://www.alabamapower.com/company/about-us/how-we-operate/ccr-rule-and-compliance.html,South,Bituminous,,,,,,,,1.0,regional_prior,"Regional prior only (USGS COALQUAL regional pattern, per US_Coal_Ash_Pond_Inventory.xlsx Read Me). Real plant-level EIA-860 coal type from census_data_towns_and_power_plants_1.xlsx is used instead wherever available and always overrides this prior.",national_prior_94pct_unlined
Alabama,Charles R Lowman,Leroy,No,http://lowmanccr.com/,South,Bituminous,,,,,,,,4.0,regional_prior,"Regional prior only (USGS COALQUAL regional pattern, per US_Coal_Ash_Pond_Inventory.xlsx Read Me). Real plant-level EIA-860 coal type from census_data_towns_and_power_plants_1.xlsx is used instead wherever available and always overrides this prior.",national_prior_94pct_unlined
Alabama,Colbert,Tuscumbia,No,https://www.tva.gov/Environment/Environmental-Stewardship/Coal-Combustion-Residuals,South,Bituminous,,,,,,,,3.0,regional_prior,"Regional prior only (USGS COALQUAL regional pattern, per US_Coal_Ash_Pond_Inventory.xlsx Read Me). Real plant-level EIA-860 coal type from census_data_towns_and_power_plants_1.xlsx is used instead wherever available and always overrides this prior.",national_prior_94pct_unlined
Alabama,E C Gaston,Wilsonville,No,https://www.alabamapower.com/company/about-us/how-we-operate/ccr-rule-and-compliance.html,South,Bituminous,,,,,,,,,regional_prior,"Regional prior only (USGS COALQUAL regional pattern, per US_Coal_Ash_Pond_Inventory.xlsx Read Me). Real plant-level EIA-860 coal type from census_data_towns_and_power_plants_1.xlsx is used instead wherever available and always overrides this prior.",national_prior_94pct_unlined
Alabama,Gadsden,Gadsden,No,https://www.alabamapower.com/company/about-us/how-we-operate/ccr-rule-and-compliance.html,South,Bituminous,,,,,,,,1.0,regional_prior,"Regional prior only (USGS COALQUAL regional pattern, per US_Coal_Ash_Pond_Inventory.xlsx Read Me). Real plant-level EIA-860 coal type from census_data_towns_and_power_plants_1.xlsx is used instead wherever available and always overrides this prior.",national_prior_94pct_unlined
Alabama,Gorgas,Parrish,No,https://www.alabamapower.com/company/about-us/how-we-operate/ccr-rule-and-compliance.html,South,Bituminous,,,,,,,,2.0,regional_prior,"Regional prior only (USGS COALQUAL regional pattern, per US_Coal_Ash_Pond_Inventory.xlsx Read Me). Real plant-level EIA-860 coal type from census_data_towns_and_power_plants_1.xlsx is used instead wherever available and always overrides this prior.",national_prior_94pct_unlined
Alabama,Greene County,Demopolis,No,https://www.alabamapower.com/company/about-us/how-we-operate/ccr-rule-and-compliance.html,South,Bituminous,,,,,,,,1.0,regional_prior,"Regional prior only (USGS COALQUAL regional pattern, per US_Coal_Ash_Pond_Inventory.xlsx Read Me). Real plant-level EIA-860 coal type from census_data_towns_and_power_plants_1.xlsx is used instead wherever available and always overrides this prior.",national_prior_94pct_unlined
Alabama,James H Miller Jr,Quinton,No,https://www.alabamapower.com/company/about-us/how-we-operate/ccr-rule-and-compliance.html,South,Bituminous,,,,,,,,2.0,regional_prior,"Regional prior only (USGS COALQUAL regional pattern, per US_Coal_Ash_Pond_Inventory.xlsx Read Me). Real plant-level EIA-860 coal type from census_data_towns_and_power_plants_1.xlsx is used instead wherever available and always overrides this prior.",national_prior_94pct_unlined
Alaska,Healy,Healy,Not indicated,https://www.gvea.com/ccr-rule-compliance/,West,,,,,,,,,,regional_prior,"Regional prior only (USGS COALQUAL regional pattern, per US_Coal_Ash_Pond_Inventory.xlsx Read Me). Real plant-level EIA-860 coal type from census_data_towns_and_power_plants_1.xlsx is used instead wherever available and always overrides this prior.",national_prior_94pct_unlined
Arizona,Apache Station,Cochise,Not indicated,https://ccr.azgt.coop/,West,Subbituminous,,,,,,,,7.0,regional_prior,"Regional prior only (USGS COALQUAL regional pattern, per US_Coal_Ash_Pond_Inventory.xlsx Read Me). Real plant-level EIA-860 coal type from census_data_towns_and_power_plants_1.xlsx is used instead wherever available and always overrides this prior.",national_prior_94pct_unlined
Arizona,Cholla,Joseph City,Not indicated,https://www.aps.com/en/Utility/Regulatory-and-Legal/Environmental-Compliance#Cholla,West,Subbituminous,,,,,,,,2.0,regional_prior,"Regional prior only (USGS COALQUAL regional pattern, per US_Coal_Ash_Pond_Inventory.xlsx Read Me). Real plant-level EIA-860 coal type from census_data_towns_and_power_plants_1.xlsx is used instead wherever available and always overrides this prior.",national_prior_94pct_unlined
Arizona,Coronado,St Johns,Not indicated,https://ccr.srpnet.com/,West,Subbituminous,,,,,,,,1.0,regional_prior,"Regional prior only (USGS COALQUAL regional pattern, per US_Coal_Ash_Pond_Inventory.xlsx Read Me). Real plant-level EIA-860 coal type from census_data_towns_and_power_plants_1.xlsx is used instead wherever available and always overrides this prior.",national_prior_94pct_unlined
Arizona,Navajo,Page,Not indicated,https://ccr.srpnet.com/,West,Subbituminous,,,,,,,,,regional_prior,"Regional prior only (USGS COALQUAL regional pattern, per US_Coal_Ash_Pond_Inventory.xlsx Read Me). Real plant-level EIA-860 coal type from census_data_towns_and_power_plants_1.xlsx is used instead wherever available and always overrides this prior.",national_prior_94pct_unlined
Arizona,Springerville Generating Station,Springerville,Not indicated,https://www.tep.com/ccr/,West,Subbituminous,,,,,,,,,regional_prior,"Regional prior only (USGS COALQUAL regional pattern, per US_Coal_Ash_Pond_Inventory.xlsx Read Me). Real plant-level EIA-860 coal type from census_data_towns_and_power_plants_1.xlsx is used instead wherever available and always overrides this prior.",national_prior_94pct_unlined
Arkansas,Flint Creek,Gentry,Not indicated,https://www.aep.com/environment/ccr/flintcreek/,South,Subbituminous,,,,,,,,,regional_prior,"Regional prior only (USGS COALQUAL regional pattern, per US_Coal_Ash_Pond_Inventory.xlsx Read Me). Real plant-level EIA-860 coal type from census_data_towns_and_power_plants_1.xlsx is used instead wherever available and always overrides this prior.",national_prior_94pct_unlined
Arkansas,Independence,Newark,Not indicated,https://www.entergy-arkansas.com/ccr/indy/,South,Subbituminous,,,,,,,,,regional_prior,"Regional prior only (USGS COALQUAL regional pattern, per US_Coal_Ash_Pond_Inventory.xlsx Read Me). Real plant-level EIA-860 coal type from census_data_towns_and_power_plants_1.xlsx is used instead wherever available and always overrides this prior.",national_prior_94pct_unlined
Arkansas,John W Turk Jr Power Plant,Fulton,Not indicated,https://www.aep.com/environment/ccr/turk/,South,Subbituminous,,,,,,,,,regional_prior,"Regional prior only (USGS COALQUAL regional pattern, per US_Coal_Ash_Pond_Inventory.xlsx Read Me). Real plant-level EIA-860 coal type from census_data_towns_and_power_plants_1.xlsx is used instead wherever available and always overrides this prior.",national_prior_94pct_unlined
Arkansas,Plum Point Energy Station,Osceola,Not indicated,https://www.nrg.com/legal/coal-combustion-residuals.html,South,Subbituminous,,,,,,,,,regional_prior,"Regional prior only (USGS COALQUAL regional pattern, per US_Coal_Ash_Pond_Inventory.xlsx Read Me). Real plant-level EIA-860 coal type from census_data_towns_and_power_plants_1.xlsx is used instead wherever available and always overrides this prior.",national_prior_94pct_unlined
Arkansas,White Bluff,Redfield,Not indicated,https://www.entergy-arkansas.com/ccr/WB/,South,Subbituminous,,,,,,,,,regional_prior,"Regional prior only (USGS COALQUAL regional pattern, per US_Coal_Ash_Pond_Inventory.xlsx Read Me). Real plant-level EIA-860 coal type from census_data_towns_and_power_plants_1.xlsx is used instead wherever available and always overrides this prior.",national_prior_94pct_unlined
Colorado,Arapahoe,Denver,Not indicated,https://corporate.my.xcelenergy.com/s/energy/sources/coal/coal-ash-management,West,Subbituminous,,,,,,,,,regional_prior,"Regional prior only (USGS COALQUAL regional pattern, per US_Coal_Ash_Pond_Inventory.xlsx Read Me). Real plant-level EIA-860 coal type from census_data_towns_and_power_plants_1.xlsx is used instead wherever available and always overrides this prior.",national_prior_94pct_unlined
Colorado,Cherokee,Denver,Not indicated,https://corporate.my.xcelenergy.com/s/energy/sources/coal/coal-ash-management,West,Subbituminous,,,,,,,,,regional_prior,"Regional prior only (USGS COALQUAL regional pattern, per US_Coal_Ash_Pond_Inventory.xlsx Read Me). Real plant-level EIA-860 coal type from census_data_towns_and_power_plants_1.xlsx is used instead wherever available and always overrides this prior.",national_prior_94pct_unlined
Colorado,Clear Springs Ranch Landfill,Fountain,Not indicated,https://www.csu.org/regulatory-notices/coal-combustion-residuals-ccr,West,Subbituminous,,,,,,,,,regional_prior,"Regional prior only (USGS COALQUAL regional pattern, per US_Coal_Ash_Pond_Inventory.xlsx Read Me). Real plant-level EIA-860 coal type from census_data_towns_and_power_plants_1.xlsx is used instead wherever available and always overrides this prior.",national_prior_94pct_unlined
Colorado,Comanche,Pueblo,Not indicated,https://corporate.my.xcelenergy.com/s/energy/sources/coal/coal-ash-management,West,Subbituminous,,,,,,,,,regional_prior,"Regional prior only (USGS COALQUAL regional pattern, per US_Coal_Ash_Pond_Inventory.xlsx Read Me). Real plant-level EIA-860 coal type from census_data_towns_and_power_plants_1.xlsx is used instead wherever available and always overrides this prior.",national_prior_94pct_unlined
Colorado,Hayden,Hayden,Not indicated,https://corporate.my.xcelenergy.com/s/energy/sources/coal/coal-ash-management,West,Subbituminous,,,,,,,,,regional_prior,"Regional prior only (USGS COALQUAL regional pattern, per US_Coal_Ash_Pond_Inventory.xlsx Read Me). Real plant-level EIA-860 coal type from census_data_towns_and_power_plants_1.xlsx is used instead wherever available and always overrides this prior.",national_prior_94pct_unlined
Colorado,Nucla Station,Nucla,Not indicated,https://tristate.coop/environment,West,Subbituminous,,,,,,,,,regional_prior,"Regional prior only (USGS COALQUAL regional pattern, per US_Coal_Ash_Pond_Inventory.xlsx Read Me). Real plant-level EIA-860 coal type from census_data_towns_and_power_plants_1.xlsx is used instead wherever available and always overrides this prior.",national_prior_94pct_unlined
Colorado,Pawnee,Brush,Not indicated,https://corporate.my.xcelenergy.com/s/energy/sources/coal/coal-ash-management,West,Subbituminous,,,,,,,,,regional_prior,"Regional prior only (USGS COALQUAL regional pattern, per US_Coal_Ash_Pond_Inventory.xlsx Read Me). Real plant-level EIA-860 coal type from census_data_towns_and_power_plants_1.xlsx is used instead wherever available and always overrides this prior.",national_prior_94pct_unlined
Colorado,Rawhide,Wellington,Not indicated,https://www.prpa.org/environmental-principles/environmental-management/ccr-rule-compliance-data-and-information/,West,Subbituminous,,,,,,,,,regional_prior,"Regional prior only (USGS COALQUAL regional pattern, per US_Coal_Ash_Pond_Inventory.xlsx Read Me). Real plant-level EIA-860 coal type from census_data_towns_and_power_plants_1.xlsx is used instead wherever available and always overrides this prior.",national_prior_94pct_unlined
Colorado,Valmont,Boulder,Not indicated,https://corporate.my.xcelenergy.com/s/energy/sources/coal/coal-ash-management,West,Subbituminous,,,,,,,,,regional_prior,"Regional prior only (USGS COALQUAL regional pattern, per US_Coal_Ash_Pond_Inventory.xlsx Read Me). Real plant-level EIA-860 coal type from census_data_towns_and_power_plants_1.xlsx is used instead wherever available and always overrides this prior.",national_prior_94pct_unlined
Delaware,Indian River Generating Station,Dagsboro,Not indicated,https://www.nrg.com/legal/coal-combustion-residuals.html,South,,,,,,,,,,regional_prior,"Regional prior only (USGS COALQUAL regional pattern, per US_Coal_Ash_Pond_Inventory.xlsx Read Me). Real plant-level EIA-860 coal type from census_data_towns_and_power_plants_1.xlsx is used instead wherever available and always overrides this prior.",national_prior_94pct_unlined
Florida,Plant Scholz Generating Plant,Sneads,Yes (1),https://www.fpl.com/northwest/about/our-company/ccr-rule.html,South,Subbituminous,,,,,,,,,regional_prior,"Regional prior only (USGS COALQUAL regional pattern, per US_Coal_Ash_Pond_Inventory.xlsx Read Me). Real plant-level EIA-860 coal type from census_data_towns_and_power_plants_1.xlsx is used instead wherever available and always overrides this prior.",national_prior_94pct_unlined
Florida,Big Bend,Apollo Beach,No,https://www.tampaelectric.com/communityresponsibility/environment/ccr-compliance/,South,Subbituminous,,,,,,,,8.0,regional_prior,"Regional prior only (USGS COALQUAL regional pattern, per US_Coal_Ash_Pond_Inventory.xlsx Read Me). Real plant-level EIA-860 coal type from census_data_towns_and_power_plants_1.xlsx is used instead wherever available and always overrides this prior.",national_prior_94pct_unlined
Florida,C D McIntosh Jr,Lakeland,No,https://lakelandelectric.com/CCRRuleComplianceData,South,Subbituminous,,,,,,,,,regional_prior,"Regional prior only (USGS COALQUAL regional pattern, per US_Coal_Ash_Pond_Inventory.xlsx Read Me). Real plant-level EIA-860 coal type from census_data_towns_and_power_plants_1.xlsx is used instead wherever available and always overrides this prior.",national_prior_94pct_unlined
Florida,Crystal River,Crystal River,No,https://www.duke-energy.com/our-company/environment/compliance-and-reporting/ccr-rule-compliance-data,South,Subbituminous,,,,,,,,,regional_prior,"Regional prior only (USGS COALQUAL regional pattern, per US_Coal_Ash_Pond_Inventory.xlsx Read Me). Real plant-level EIA-860 coal type from census_data_towns_and_power_plants_1.xlsx is used instead wherever available and always overrides this prior.",national_prior_94pct_unlined
Florida,Deerhaven Generating Station,Gainesville,No,https://www.gru.com/MyHome/Content/DeerhavenGeneratingStation/CCRComplianceDocumentation.aspx,South,Subbituminous,,,,,,,,,regional_prior,"Regional prior only (USGS COALQUAL regional pattern, per US_Coal_Ash_Pond_Inventory.xlsx Read Me). Real plant-level EIA-860 coal type from census_data_towns_and_power_plants_1.xlsx is used instead wherever available and always overrides this prior.",national_prior_94pct_unlined
Florida,Gulf Clean Energy Center,Pensacola,No,https://www.fpl.com/northwest/about/our-company/ccr-rule.html,South,Subbituminous,,,,,,,,,regional_prior,"Regional prior only (USGS COALQUAL regional pattern, per US_Coal_Ash_Pond_Inventory.xlsx Read Me). Real plant-level EIA-860 coal type from census_data_towns_and_power_plants_1.xlsx is used instead wherever available and always overrides this prior.",national_prior_94pct_unlined
Florida,Plant Smith,Southport,No,https://www.fpl.com/northwest/about/our-company/ccr-rule.html,South,Subbituminous,,,,,,,,,regional_prior,"Regional prior only (USGS COALQUAL regional pattern, per US_Coal_Ash_Pond_Inventory.xlsx Read Me). Real plant-level EIA-860 coal type from census_data_towns_and_power_plants_1.xlsx is used instead wherever available and always overrides this prior.",national_prior_94pct_unlined
Florida,Seminole,Palatka,No,https://www.seminole-electric.com/facilities/ccr/,South,Subbituminous,,,,,,,,,regional_prior,"Regional prior only (USGS COALQUAL regional pattern, per US_Coal_Ash_Pond_Inventory.xlsx Read Me). Real plant-level EIA-860 coal type from census_data_towns_and_power_plants_1.xlsx is used instead wherever available and always overrides this prior.",national_prior_94pct_unlined
Florida,Stanton Energy Center,Orlando,No,https://oucccr.com/,South,Subbituminous,,,,,,,,,regional_prior,"Regional prior only (USGS COALQUAL regional pattern, per US_Coal_Ash_Pond_Inventory.xlsx Read Me). Real plant-level EIA-860 coal type from census_data_towns_and_power_plants_1.xlsx is used instead wherever available and always overrides this prior.",national_prior_94pct_unlined
Florida,St Johns River Power Park,Jacksonville,No,https://www.jea.com/Environment/Compliance_and_Reporting/CCR_Rule_Compliance_Data_and_Information/,South,Subbituminous,,,,,,,,,regional_prior,"Regional prior only (USGS COALQUAL regional pattern, per US_Coal_Ash_Pond_Inventory.xlsx Read Me). Real plant-level EIA-860 coal type from census_data_towns_and_power_plants_1.xlsx is used instead wherever available and always overrides this prior.",national_prior_94pct_unlined
Georgia,Plant Arkwright,Macon,Yes (2),https://www.georgiapower.com/our-impact/environment/environmental-compliance/plant-list/plant-arkwright.html,South,Subbituminous,Not currently coal-fired,N/A (no impoundment),,156578.0,51234.0,24.7,,,regional_prior,"Regional prior only (USGS COALQUAL regional pattern, per US_Coal_Ash_Pond_Inventory.xlsx Read Me). Real plant-level EIA-860 coal type from census_data_towns_and_power_plants_1.xlsx is used instead wherever available and always overrides this prior.",matched
Georgia,Plant Branch,Milledgeville,Yes (5),https://www.georgiapower.com/our-impact/environment/environmental-compliance/plant-list/plant-branch.html,South,Subbituminous,Not currently coal-fired,No (unlined),Operating - in service,22855.0,72096.0,17.6,,5.0,regional_prior,"Regional prior only (USGS COALQUAL regional pattern, per US_Coal_Ash_Pond_Inventory.xlsx Read Me). Real plant-level EIA-860 coal type from census_data_towns_and_power_plants_1.xlsx is used instead wherever available and always overrides this prior.",matched
Georgia,Plant Kraft,Port Wentworth,Yes (1),https://www.georgiapower.com/our-impact/environment/environmental-compliance/plant-list/plant-kraft.html,South,Subbituminous,Not currently coal-fired,No (unlined),Operating - in service,300879.0,71097.0,14.3,,1.0,regional_prior,"Regional prior only (USGS COALQUAL regional pattern, per US_Coal_Ash_Pond_Inventory.xlsx Read Me). Real plant-level EIA-860 coal type from census_data_towns_and_power_plants_1.xlsx is used instead wherever available and always overrides this prior.",matched
Georgia,Plant Mitchell,Albany,Yes (2),https://www.georgiapower.com/our-impact/environment/environmental-compliance/plant-list/plant-mitchell.html,South,Subbituminous,Not currently coal-fired,No (unlined),Operating - in service,83091.0,49044.0,25.0,,3.0,regional_prior,"Regional prior only (USGS COALQUAL regional pattern, per US_Coal_Ash_Pond_Inventory.xlsx Read Me). Real plant-level EIA-860 coal type from census_data_towns_and_power_plants_1.xlsx is used instead wherever available and always overrides this prior.",matched
Georgia,Bowen,Cartersville,No,https://www.georgiapower.com/our-impact/environment/environmental-compliance/plant-list/plant-bowen.html,South,Subbituminous,"Bituminous,Subbituminous",No (unlined),Operating - in service,113113.0,82243.0,10.3,4472161.0,1.0,EIA-860 (matched),Matched to census_data_towns_and_power_plants_1.xlsx (EIA-860 2024).,matched
Georgia,Crisp Plant,Warwick,No,https://crispcountypower.com/ccr-rule,South,Bituminous,Bituminous,N/A (no impoundment),,20451.0,58694.0,24.0,0.0,,EIA-860 (matched),Matched to census_data_towns_and_power_plants_1.xlsx (EIA-860 2024).,matched
Georgia,Hammond,Rome,No,https://www.georgiapower.com/our-impact/environment/environmental-compliance/plant-list/plant-hammond.html,South,Subbituminous,Not currently coal-fired,No (unlined),Operating - in service,99693.0,65565.0,16.0,,4.0,regional_prior,"Regional prior only (USGS COALQUAL regional pattern, per US_Coal_Ash_Pond_Inventory.xlsx Read Me). Real plant-level EIA-860 coal type from census_data_towns_and_power_plants_1.xlsx is used instead wherever available and always overrides this prior.",matched
Georgia,Jack McDonough,Smyrna,No,https://www.georgiapower.com/our-impact/environment/environmental-compliance/plant-list/plant-mcdonough.html,South,Subbituminous,Not currently coal-fired,N/A (no impoundment),,775208.0,102738.0,8.7,,,regional_prior,"Regional prior only (USGS COALQUAL regional pattern, per US_Coal_Ash_Pond_Inventory.xlsx Read Me). Real plant-level EIA-860 coal type from census_data_towns_and_power_plants_1.xlsx is used instead wherever available and always overrides this prior.",matched
Georgia,McIntosh,Rincon,No,https://www.georgiapower.com/our-impact/environment/environmental-compliance/plant-list/plant-mcintosh.html,South,Subbituminous,Not currently coal-fired,No (unlined),Operating - in service,69143.0,88438.0,6.8,,1.0,regional_prior,"Regional prior only (USGS COALQUAL regional pattern, per US_Coal_Ash_Pond_Inventory.xlsx Read Me). Real plant-level EIA-860 coal type from census_data_towns_and_power_plants_1.xlsx is used instead wherever available and always overrides this prior.",matched
Georgia,Plant McManus,Brunswick,No,https://www.georgiapower.com/our-impact/environment/environmental-compliance/plant-list/plant-mcmanus.html,South,Subbituminous,Not currently coal-fired,N/A (no impoundment),,85447.0,69799.0,16.1,,,regional_prior,"Regional prior only (USGS COALQUAL regional pattern, per US_Coal_Ash_Pond_Inventory.xlsx Read Me). Real plant-level EIA-860 coal type from census_data_towns_and_power_plants_1.xlsx is used instead wherever available and always overrides this prior.",matched
Georgia,Scherer,Juliette,No,https://www.georgiapower.com/our-impact/environment/environmental-compliance/plant-list/plant-scherer.html,South,Subbituminous,Subbituminous,No (unlined),Operating - in service,29664.0,83183.0,12.3,4795183.0,2.0,EIA-860 (matched),Matched to census_data_towns_and_power_plants_1.xlsx (EIA-860 2024).,matched
Georgia,Wansley,Carrollton,No,https://www.georgiapower.com/our-impact/environment/environmental-compliance/plant-list/plant-wansley.html,South,Subbituminous,Not currently coal-fired,No (unlined),Operating - in service,11773.0,65868.0,17.9,,1.0,regional_prior,"Regional prior only (USGS COALQUAL regional pattern, per US_Coal_Ash_Pond_Inventory.xlsx Read Me). Real plant-level EIA-860 coal type from census_data_towns_and_power_plants_1.xlsx is used instead wherever available and always overrides this prior.",matched
Georgia,Yates,Newnan,No,https://www.georgiapower.com/our-impact/environment/environmental-compliance/plant-list/plant-yates.html,South,Subbituminous,Not currently coal-fired,No (unlined),Operating - in service,152852.0,95548.0,7.4,,8.0,regional_prior,"Regional prior only (USGS COALQUAL regional pattern, per US_Coal_Ash_Pond_Inventory.xlsx Read Me). Real plant-level EIA-860 coal type from census_data_towns_and_power_plants_1.xlsx is used instead wherever available and always overrides this prior.",matched
Illinois,Baldwin Energy Complex,Baldwin,No,https://www.luminant.com/ccr/illinois/,Midwest,Bituminous,,,,,,,,5.0,regional_prior,"Regional prior only (USGS COALQUAL regional pattern, per US_Coal_Ash_Pond_Inventory.xlsx Read Me). Real plant-level EIA-860 coal type from census_data_towns_and_power_plants_1.xlsx is used instead wherever available and always overrides this prior.",national_prior_94pct_unlined
Illinois,Hutsonville Power Station,Hutsonville,Potential (2),https://www.ameren.com/company/environment-and-sustainability/managing-coal-combustion/inactive-basins/hutsonville,Midwest,Bituminous,,,,,,,,4.0,regional_prior,"Regional prior only (USGS COALQUAL regional pattern, per US_Coal_Ash_Pond_Inventory.xlsx Read Me). Real plant-level EIA-860 coal type from census_data_towns_and_power_plants_1.xlsx is used instead wherever available and always overrides this prior.",national_prior_94pct_unlined
Illinois,Meredosia Power Station,Meredosia,Yes (2),https://www.ameren.com/company/environment-and-sustainability/managing-coal-combustion/inactive-basins/meredosia,Midwest,Bituminous,,,,,,,,2.0,regional_prior,"Regional prior only (USGS COALQUAL regional pattern, per US_Coal_Ash_Pond_Inventory.xlsx Read Me). Real plant-level EIA-860 coal type from census_data_towns_and_power_plants_1.xlsx is used instead wherever available and always overrides this prior.",national_prior_94pct_unlined
Illinois,Coffeen,Coffeen,No,https://www.luminant.com/ccr/illinois/,Midwest,Bituminous,,,,,,,,2.0,regional_prior,"Regional prior only (USGS COALQUAL regional pattern, per US_Coal_Ash_Pond_Inventory.xlsx Read Me). Real plant-level EIA-860 coal type from census_data_towns_and_power_plants_1.xlsx is used instead wherever available and always overrides this prior.",national_prior_94pct_unlined
Illinois,Dallman,Springfield,No,https://www.cwlp.com/CCRCompliance.aspx,Midwest,Bituminous,,,,,,,,1.0,regional_prior,"Regional prior only (USGS COALQUAL regional pattern, per US_Coal_Ash_Pond_Inventory.xlsx Read Me). Real plant-level EIA-860 coal type from census_data_towns_and_power_plants_1.xlsx is used instead wherever available and always overrides this prior.",national_prior_94pct_unlined
Illinois,Duck Creek,Canton,No,https://www.luminant.com/ccr/illinois/,Midwest,Bituminous,,,,,,,,3.0,regional_prior,"Regional prior only (USGS COALQUAL regional pattern, per US_Coal_Ash_Pond_Inventory.xlsx Read Me). Real plant-level EIA-860 coal type from census_data_towns_and_power_plants_1.xlsx is used instead wherever available and always overrides this prior.",national_prior_94pct_unlined
Illinois,E D Edwards,Bartonville,No,https://www.luminant.com/ccr/illinois/,Midwest,Bituminous,,,,,,,,3.0,regional_prior,"Regional prior only (USGS COALQUAL regional pattern, per US_Coal_Ash_Pond_Inventory.xlsx Read Me). Real plant-level EIA-860 coal type from census_data_towns_and_power_plants_1.xlsx is used instead wherever available and always overrides this prior.",national_prior_94pct_unlined
Illinois,Havana,Havana,No,https://www.ccrsites.com/havana,Midwest,Bituminous,,,,,,,,,regional_prior,"Regional prior only (USGS COALQUAL regional pattern, per US_Coal_Ash_Pond_Inventory.xlsx Read Me). Real plant-level EIA-860 coal type from census_data_towns_and_power_plants_1.xlsx is used instead wherever available and always overrides this prior.",national_prior_94pct_unlined
Illinois,Hennepin Power Station,Hennepin,No,https://www.luminant.com/ccr/illinois/,Midwest,Bituminous,,,,,,,,7.0,regional_prior,"Regional prior only (USGS COALQUAL regional pattern, per US_Coal_Ash_Pond_Inventory.xlsx Read Me). Real plant-level EIA-860 coal type from census_data_towns_and_power_plants_1.xlsx is used instead wherever available and always overrides this prior.",national_prior_94pct_unlined
Illinois,Joliet 29,Joliet,No,https://www.nrg.com/legal/coal-combustion-residuals.html,Midwest,Bituminous,,,,,,,,,regional_prior,"Regional prior only (USGS COALQUAL regional pattern, per US_Coal_Ash_Pond_Inventory.xlsx Read Me). Real plant-level EIA-860 coal type from census_data_towns_and_power_plants_1.xlsx is used instead wherever available and always overrides this prior.",national_prior_94pct_unlined
Illinois,Joppa Steam,Joppa,No,https://www.luminant.com/ccr/illinois/,Midwest,Bituminous,,,,,,,,,regional_prior,"Regional prior only (USGS COALQUAL regional pattern, per US_Coal_Ash_Pond_Inventory.xlsx Read Me). Real plant-level EIA-860 coal type from census_data_towns_and_power_plants_1.xlsx is used instead wherever available and always overrides this prior.",national_prior_94pct_unlined
Illinois,Kincaid Generation LLC,Kincaid,No,https://www.luminant.com/ccr/illinois/,Midwest,Bituminous,,,,,,,,,regional_prior,"Regional prior only (USGS COALQUAL regional pattern, per US_Coal_Ash_Pond_Inventory.xlsx Read Me). Real plant-level EIA-860 coal type from census_data_towns_and_power_plants_1.xlsx is used instead wherever available and always overrides this prior.",national_prior_94pct_unlined
Illinois,Lincoln Stone Quarry,Joliet,No,https://www.nrg.com/legal/coal-combustion-residuals.html,Midwest,Bituminous,,,,,,,,,regional_prior,"Regional prior only (USGS COALQUAL regional pattern, per US_Coal_Ash_Pond_Inventory.xlsx Read Me). Real plant-level EIA-860 coal type from census_data_towns_and_power_plants_1.xlsx is used instead wherever available and always overrides this prior.",national_prior_94pct_unlined
Illinois,Marion,Marion,No,https://www.sipower.org/services/environmental-fuels/,Midwest,Bituminous,,,,,,,,,regional_prior,"Regional prior only (USGS COALQUAL regional pattern, per US_Coal_Ash_Pond_Inventory.xlsx Read Me). Real plant-level EIA-860 coal type from census_data_towns_and_power_plants_1.xlsx is used instead wherever available and always overrides this prior.",national_prior_94pct_unlined
Illinois,Newton,Newton,No,https://www.luminant.com/ccr/illinois/,Midwest,Bituminous,,,,,,,,2.0,regional_prior,"Regional prior only (USGS COALQUAL regional pattern, per US_Coal_Ash_Pond_Inventory.xlsx Read Me). Real plant-level EIA-860 coal type from census_data_towns_and_power_plants_1.xlsx is used instead wherever available and always overrides this prior.",national_prior_94pct_unlined
Illinois,Powerton,Pekin,No,https://www.nrg.com/legal/coal-combustion-residuals.html,Midwest,Bituminous,,,,,,,,,regional_prior,"Regional prior only (USGS COALQUAL regional pattern, per US_Coal_Ash_Pond_Inventory.xlsx Read Me). Real plant-level EIA-860 coal type from census_data_towns_and_power_plants_1.xlsx is used instead wherever available and always overrides this prior.",national_prior_94pct_unlined
Illinois,Prairie State Generating Station,Marissa,No,https://nffacility.com/index.php,Midwest,Bituminous,,,,,,,,,regional_prior,"Regional prior only (USGS COALQUAL regional pattern, per US_Coal_Ash_Pond_Inventory.xlsx Read Me). Real plant-level EIA-860 coal type from census_data_towns_and_power_plants_1.xlsx is used instead wherever available and always overrides this prior.",national_prior_94pct_unlined
Illinois,Waukegan,Waukegan,No,https://www.nrg.com/legal/coal-combustion-residuals.html,Midwest,Bituminous,,,,,,,,,regional_prior,"Regional prior only (USGS COALQUAL regional pattern, per US_Coal_Ash_Pond_Inventory.xlsx Read Me). Real plant-level EIA-860 coal type from census_data_towns_and_power_plants_1.xlsx is used instead wherever available and always overrides this prior.",national_prior_94pct_unlined
Illinois,Will County,Romeoville,No,https://www.nrg.com/legal/coal-combustion-residuals.html,Midwest,Bituminous,,,,,,,,,regional_prior,"Regional prior only (USGS COALQUAL regional pattern, per US_Coal_Ash_Pond_Inventory.xlsx Read Me). Real plant-level EIA-860 coal type from census_data_towns_and_power_plants_1.xlsx is used instead wherever available and always overrides this prior.",national_prior_94pct_unlined
Illinois,Wood River,Alton,No,https://www.ccrsites.com/wood-river,Midwest,Bituminous,,,,,,,,2.0,regional_prior,"Regional prior only (USGS COALQUAL regional pattern, per US_Coal_Ash_Pond_Inventory.xlsx Read Me). Real plant-level EIA-860 coal type from census_data_towns_and_power_plants_1.xlsx is used instead wherever available and always overrides this prior.",national_prior_94pct_unlined
Indiana,Breed Site,Fairbanks,Yes (1),https://www.aep.com/environment/ccr/BreedPlant,Midwest,Bituminous,,,,,,,,,regional_prior,"Regional prior only (USGS COALQUAL regional pattern, per US_Coal_Ash_Pond_Inventory.xlsx Read Me). Real plant-level EIA-860 coal type from census_data_towns_and_power_plants_1.xlsx is used instead wherever available and always overrides this prior.",national_prior_94pct_unlined
Indiana,Former Frank E. Ratts Generating Station,Petersburg,Yes (3),https://www.hoosierenergy.com/our-cooperative/environmental-social-and-governance-esg/environmental/,Midwest,Bituminous,,,,,,,,,regional_prior,"Regional prior only (USGS COALQUAL regional pattern, per US_Coal_Ash_Pond_Inventory.xlsx Read Me). Real plant-level EIA-860 coal type from census_data_towns_and_power_plants_1.xlsx is used instead wherever available and always overrides this prior.",national_prior_94pct_unlined
Indiana,Inactive D.H. Mitchell Generating Station,Gary,Yes (6),https://www.nipsco.com/our-company/about-us/our-environment/ccr-legacy-rule,Midwest,Bituminous,,,,,,,,,regional_prior,"Regional prior only (USGS COALQUAL regional pattern, per US_Coal_Ash_Pond_Inventory.xlsx Read Me). Real plant-level EIA-860 coal type from census_data_towns_and_power_plants_1.xlsx is used instead wherever available and always overrides this prior.",national_prior_94pct_unlined
Indiana,A B Brown,Mount Vernon,No,https://www.centerpointenergy.com/en-us/corporate/about-us/ccr-reporting,Midwest,Bituminous,,,,,,,,2.0,regional_prior,"Regional prior only (USGS COALQUAL regional pattern, per US_Coal_Ash_Pond_Inventory.xlsx Read Me). Real plant-level EIA-860 coal type from census_data_towns_and_power_plants_1.xlsx is used instead wherever available and always overrides this prior.",national_prior_94pct_unlined
Indiana,AES Petersburg,Petersburg,No,https://www.aesindiana.com/petersburg-generating-station,Midwest,Bituminous,,,,,,,,,regional_prior,"Regional prior only (USGS COALQUAL regional pattern, per US_Coal_Ash_Pond_Inventory.xlsx Read Me). Real plant-level EIA-860 coal type from census_data_towns_and_power_plants_1.xlsx is used instead wherever available and always overrides this prior.",national_prior_94pct_unlined
Indiana,Bailly,Chesterton,No,https://www.nipsco.com/our-company/about-us/our-environment/ccr-rule-compliance,Midwest,Bituminous,,,,,,,,6.0,regional_prior,"Regional prior only (USGS COALQUAL regional pattern, per US_Coal_Ash_Pond_Inventory.xlsx Read Me). Real plant-level EIA-860 coal type from census_data_towns_and_power_plants_1.xlsx is used instead wherever available and always overrides this prior.",national_prior_94pct_unlined
Indiana,Cayuga,Cayuga,No,https://www.duke-energy.com/our-company/environment/compliance-and-reporting/ccr-rule-compliance-data,Midwest,Bituminous,,,,,,,,4.0,regional_prior,"Regional prior only (USGS COALQUAL regional pattern, per US_Coal_Ash_Pond_Inventory.xlsx Read Me). Real plant-level EIA-860 coal type from census_data_towns_and_power_plants_1.xlsx is used instead wherever available and always overrides this prior.",national_prior_94pct_unlined
Indiana,Clifty Creek,Madison,No,https://www.ovec.com/CCRClifty.php,Midwest,Bituminous,,,,,,,,,regional_prior,"Regional prior only (USGS COALQUAL regional pattern, per US_Coal_Ash_Pond_Inventory.xlsx Read Me). Real plant-level EIA-860 coal type from census_data_towns_and_power_plants_1.xlsx is used instead wherever available and always overrides this prior.",national_prior_94pct_unlined
Indiana,Eagle Valley,Martinsville,No,https://www.aesindiana.com/eagle-valley-generating-station,Midwest,Bituminous,,,,,,,,5.0,regional_prior,"Regional prior only (USGS COALQUAL regional pattern, per US_Coal_Ash_Pond_Inventory.xlsx Read Me). Real plant-level EIA-860 coal type from census_data_towns_and_power_plants_1.xlsx is used instead wherever available and always overrides this prior.",national_prior_94pct_unlined
Indiana,FB Culley,Newburg,No,https://www.centerpointenergy.com/en-us/corporate/about-us/ccr-reporting,Midwest,Bituminous,,,,,,,,2.0,regional_prior,"Regional prior only (USGS COALQUAL regional pattern, per US_Coal_Ash_Pond_Inventory.xlsx Read Me). Real plant-level EIA-860 coal type from census_data_towns_and_power_plants_1.xlsx is used instead wherever available and always overrides this prior.",national_prior_94pct_unlined
Indiana,Gibson,Owensville,No,https://www.duke-energy.com/our-company/environment/compliance-and-reporting/ccr-rule-compliance-data,Midwest,Bituminous,,,,,,,,6.0,regional_prior,"Regional prior only (USGS COALQUAL regional pattern, per US_Coal_Ash_Pond_Inventory.xlsx Read Me). Real plant-level EIA-860 coal type from census_data_towns_and_power_plants_1.xlsx is used instead wherever available and always overrides this prior.",national_prior_94pct_unlined
Indiana,Harding Street,Indianapolis,No,https://www.aesindiana.com/harding-street-station,Midwest,Bituminous,,,,,,,,6.0,regional_prior,"Regional prior only (USGS COALQUAL regional pattern, per US_Coal_Ash_Pond_Inventory.xlsx Read Me). Real plant-level EIA-860 coal type from census_data_towns_and_power_plants_1.xlsx is used instead wherever available and always overrides this prior.",national_prior_94pct_unlined
Indiana,Merom,Sullivan,No,https://halladorenergy.com/our-businesses/Hallador-Power/Resources/default.aspx,Midwest,Bituminous,,,,,,,,,regional_prior,"Regional prior only (USGS COALQUAL regional pattern, per US_Coal_Ash_Pond_Inventory.xlsx Read Me). Real plant-level EIA-860 coal type from census_data_towns_and_power_plants_1.xlsx is used instead wherever available and always overrides this prior.",national_prior_94pct_unlined
Indiana,Michigan City,Michigan City,No,https://www.nipsco.com/our-company/about-us/our-environment/ccr-rule-compliance,Midwest,Bituminous,,,,,,,,6.0,regional_prior,"Regional prior only (USGS COALQUAL regional pattern, per US_Coal_Ash_Pond_Inventory.xlsx Read Me). Real plant-level EIA-860 coal type from census_data_towns_and_power_plants_1.xlsx is used instead wherever available and always overrides this prior.",national_prior_94pct_unlined
Indiana,R Gallagher,New Albany,No,https://www.duke-energy.com/our-company/environment/compliance-and-reporting/ccr-rule-compliance-data,Midwest,Bituminous,,,,,,,,2.0,regional_prior,"Regional prior only (USGS COALQUAL regional pattern, per US_Coal_Ash_Pond_Inventory.xlsx Read Me). Real plant-level EIA-860 coal type from census_data_towns_and_power_plants_1.xlsx is used instead wherever available and always overrides this prior.",national_prior_94pct_unlined
Indiana,R M Schahfer,Wheatfield,No,https://www.nipsco.com/our-company/about-us/our-environment/ccr-rule-compliance,Midwest,Bituminous,,,,,,,,10.0,regional_prior,"Regional prior only (USGS COALQUAL regional pattern, per US_Coal_Ash_Pond_Inventory.xlsx Read Me). Real plant-level EIA-860 coal type from census_data_towns_and_power_plants_1.xlsx is used instead wherever available and always overrides this prior.",national_prior_94pct_unlined
Indiana,Rockport,Rockport,No,https://www.aep.com/environment/ccr/rockport/,Midwest,Bituminous,,,,,,,,,regional_prior,"Regional prior only (USGS COALQUAL regional pattern, per US_Coal_Ash_Pond_Inventory.xlsx Read Me). Real plant-level EIA-860 coal type from census_data_towns_and_power_plants_1.xlsx is used instead wherever available and always overrides this prior.",national_prior_94pct_unlined
Indiana,Wabash River,Terre Haute,No,https://www.duke-energy.com/our-company/environment/compliance-and-reporting/ccr-rule-compliance-data,Midwest,Bituminous,,,,,,,,4.0,regional_prior,"Regional prior only (USGS COALQUAL regional pattern, per US_Coal_Ash_Pond_Inventory.xlsx Read Me). Real plant-level EIA-860 coal type from census_data_towns_and_power_plants_1.xlsx is used instead wherever available and always overrides this prior.",national_prior_94pct_unlined
Indiana,Whitewater Valley,Richmond,No,https://www.rp-l.com/ccr-rule-compliance-data-and-information/,Midwest,Bituminous,,,,,,,,,regional_prior,"Regional prior only (USGS COALQUAL regional pattern, per US_Coal_Ash_Pond_Inventory.xlsx Read Me). Real plant-level EIA-860 coal type from census_data_towns_and_power_plants_1.xlsx is used instead wherever available and always overrides this prior.",national_prior_94pct_unlined
Iowa,Former Sixth Street Generating Station,Cedar Rapids,Yes (1),https://ccr.alliantenergy.com/sixthstreet,Midwest,Subbituminous,,,,,,,,,regional_prior,"Regional prior only (USGS COALQUAL regional pattern, per US_Coal_Ash_Pond_Inventory.xlsx Read Me). Real plant-level EIA-860 coal type from census_data_towns_and_power_plants_1.xlsx is used instead wherever available and always overrides this prior.",national_prior_94pct_unlined
Iowa,Humboldt Generating Station,Humboldt,Yes (1),https://www.cbpower.coop/power-supply/ccr-rule-compliance-data-and-information,Midwest,Subbituminous,,,,,,,,,regional_prior,"Regional prior only (USGS COALQUAL regional pattern, per US_Coal_Ash_Pond_Inventory.xlsx Read Me). Real plant-level EIA-860 coal type from census_data_towns_and_power_plants_1.xlsx is used instead wherever available and always overrides this prior.",national_prior_94pct_unlined
Iowa,Ames Electric Services Power Plant,Ames,No,https://www.cityofames.org/My-Government/Departments/Electric/Other-Energy-Resources/CCR-Rule-Compliance-Data-and-Information,Midwest,Subbituminous,,,,,,,,,regional_prior,"Regional prior only (USGS COALQUAL regional pattern, per US_Coal_Ash_Pond_Inventory.xlsx Read Me). Real plant-level EIA-860 coal type from census_data_towns_and_power_plants_1.xlsx is used instead wherever available and always overrides this prior.",national_prior_94pct_unlined
Iowa,Burlington,Burlington,No,https://ccr.alliantenergy.com/Burlington,Midwest,Subbituminous,,,,,,,,,regional_prior,"Regional prior only (USGS COALQUAL regional pattern, per US_Coal_Ash_Pond_Inventory.xlsx Read Me). Real plant-level EIA-860 coal type from census_data_towns_and_power_plants_1.xlsx is used instead wherever available and always overrides this prior.",national_prior_94pct_unlined
Iowa,George Neal North,Sergeant Bluff,No,https://www.midamericanenergy.com/ccr-compliance,Midwest,Subbituminous,,,,,,,,3.0,regional_prior,"Regional prior only (USGS COALQUAL regional pattern, per US_Coal_Ash_Pond_Inventory.xlsx Read Me). Real plant-level EIA-860 coal type from census_data_towns_and_power_plants_1.xlsx is used instead wherever available and always overrides this prior.",national_prior_94pct_unlined
Iowa,George Neal South,Salix,No,https://www.midamericanenergy.com/ccr-compliance,Midwest,Subbituminous,,,,,,,,,regional_prior,"Regional prior only (USGS COALQUAL regional pattern, per US_Coal_Ash_Pond_Inventory.xlsx Read Me). Real plant-level EIA-860 coal type from census_data_towns_and_power_plants_1.xlsx is used instead wherever available and always overrides this prior.",national_prior_94pct_unlined
Iowa,Lansing,Lansing,No,https://ccr.alliantenergy.com/Lansing,Midwest,Subbituminous,,,,,,,,2.0,regional_prior,"Regional prior only (USGS COALQUAL regional pattern, per US_Coal_Ash_Pond_Inventory.xlsx Read Me). Real plant-level EIA-860 coal type from census_data_towns_and_power_plants_1.xlsx is used instead wherever available and always overrides this prior.",national_prior_94pct_unlined
Iowa,Louisa,Muscatine,No,https://www.midamericanenergy.com/ccr-compliance,Midwest,Subbituminous,,,,,,,,1.0,regional_prior,"Regional prior only (USGS COALQUAL regional pattern, per US_Coal_Ash_Pond_Inventory.xlsx Read Me). Real plant-level EIA-860 coal type from census_data_towns_and_power_plants_1.xlsx is used instead wherever available and always overrides this prior.",national_prior_94pct_unlined
Iowa,Milton L Kapp,Clinton,No,https://ccr.alliantenergy.com/MLKapp,Midwest,Subbituminous,,,,,,,,,regional_prior,"Regional prior only (USGS COALQUAL regional pattern, per US_Coal_Ash_Pond_Inventory.xlsx Read Me). Real plant-level EIA-860 coal type from census_data_towns_and_power_plants_1.xlsx is used instead wherever available and always overrides this prior.",national_prior_94pct_unlined
Iowa,Muscatine Plant #1,Muscatine,No,https://mpw.org/ccr-elg-rule/,Midwest,Subbituminous,,,,,,,,,regional_prior,"Regional prior only (USGS COALQUAL regional pattern, per US_Coal_Ash_Pond_Inventory.xlsx Read Me). Real plant-level EIA-860 coal type from census_data_towns_and_power_plants_1.xlsx is used instead wherever available and always overrides this prior.",national_prior_94pct_unlined
Iowa,Ottumwa,Ottumwa,No,https://ccr.alliantenergy.com/Ottumwa,Midwest,Subbituminous,,,,,,,,,regional_prior,"Regional prior only (USGS COALQUAL regional pattern, per US_Coal_Ash_Pond_Inventory.xlsx Read Me). Real plant-level EIA-860 coal type from census_data_towns_and_power_plants_1.xlsx is used instead wherever available and always overrides this prior.",national_prior_94pct_unlined
Iowa,Prairie Creek,Cedar Rapids,No,https://ccr.alliantenergy.com/PrairieCreek,Midwest,Subbituminous,,,,,,,,,regional_prior,"Regional prior only (USGS COALQUAL regional pattern, per US_Coal_Ash_Pond_Inventory.xlsx Read Me). Real plant-level EIA-860 coal type from census_data_towns_and_power_plants_1.xlsx is used instead wherever available and always overrides this prior.",national_prior_94pct_unlined
Iowa,Sutherland,Marshalltown,No,https://ccr.alliantenergy.com/Sutherland,Midwest,Subbituminous,,,,,,,,,regional_prior,"Regional prior only (USGS COALQUAL regional pattern, per US_Coal_Ash_Pond_Inventory.xlsx Read Me). Real plant-level EIA-860 coal type from census_data_towns_and_power_plants_1.xlsx is used instead wherever available and always overrides this prior.",national_prior_94pct_unlined
Iowa,Walter Scott Jr Energy Center,Council Bluffs,No,https://www.midamericanenergy.com/ccr-compliance,Midwest,Subbituminous,,,,,,,,,regional_prior,"Regional prior only (USGS COALQUAL regional pattern, per US_Coal_Ash_Pond_Inventory.xlsx Read Me). Real plant-level EIA-860 coal type from census_data_towns_and_power_plants_1.xlsx is used instead wherever available and always overrides this prior.",national_prior_94pct_unlined
Kansas,Holcomb,Holcomb,Not indicated,https://www.sunflower.net/environmental-stewardship,Midwest,Subbituminous,,,,,,,,,regional_prior,"Regional prior only (USGS COALQUAL regional pattern, per US_Coal_Ash_Pond_Inventory.xlsx Read Me). Real plant-level EIA-860 coal type from census_data_towns_and_power_plants_1.xlsx is used instead wherever available and always overrides this prior.",national_prior_94pct_unlined
Kansas,Jeffrey Energy Center,St. Mary's,Not indicated,https://www.evergy.com/ccr,Midwest,Subbituminous,,,,,,,,2.0,regional_prior,"Regional prior only (USGS COALQUAL regional pattern, per US_Coal_Ash_Pond_Inventory.xlsx Read Me). Real plant-level EIA-860 coal type from census_data_towns_and_power_plants_1.xlsx is used instead wherever available and always overrides this prior.",national_prior_94pct_unlined
Kansas,La Cygne,La Cygne,Not indicated,https://www.evergy.com/ccr,Midwest,Subbituminous,,,,,,,,3.0,regional_prior,"Regional prior only (USGS COALQUAL regional pattern, per US_Coal_Ash_Pond_Inventory.xlsx Read Me). Real plant-level EIA-860 coal type from census_data_towns_and_power_plants_1.xlsx is used instead wherever available and always overrides this prior.",national_prior_94pct_unlined
Kansas,Lawrence Energy Center,Lawrence,Not indicated,https://www.evergy.com/ccr,Midwest,Subbituminous,,,,,,,,4.0,regional_prior,"Regional prior only (USGS COALQUAL regional pattern, per US_Coal_Ash_Pond_Inventory.xlsx Read Me). Real plant-level EIA-860 coal type from census_data_towns_and_power_plants_1.xlsx is used instead wherever available and always overrides this prior.",national_prior_94pct_unlined
Kansas,Nearman Creek,Kansas City,Not indicated,https://www.bpu.com/ccrcompliancedataandinformation.aspx,Midwest,Subbituminous,,,,,,,,1.0,regional_prior,"Regional prior only (USGS COALQUAL regional pattern, per US_Coal_Ash_Pond_Inventory.xlsx Read Me). Real plant-level EIA-860 coal type from census_data_towns_and_power_plants_1.xlsx is used instead wherever available and always overrides this prior.",national_prior_94pct_unlined
Kansas,Tecumseh Energy Center,Tecumseh,Not indicated,https://www.evergy.com/ccr,Midwest,Subbituminous,,,,,,,,2.0,regional_prior,"Regional prior only (USGS COALQUAL regional pattern, per US_Coal_Ash_Pond_Inventory.xlsx Read Me). Real plant-level EIA-860 coal type from census_data_towns_and_power_plants_1.xlsx is used instead wherever available and always overrides this prior.",national_prior_94pct_unlined
Kentucky,Dale Power Station,Winchester,Yes (3),https://www2.ekpc.coop/CCR_Rule_Compliance_Data_and_Information.html,South,Bituminous,,,,,,,,3.0,regional_prior,"Regional prior only (USGS COALQUAL regional pattern, per US_Coal_Ash_Pond_Inventory.xlsx Read Me). Real plant-level EIA-860 coal type from census_data_towns_and_power_plants_1.xlsx is used instead wherever available and always overrides this prior.",national_prior_94pct_unlined
Kentucky,Former Green River Generating Station,Central City,Yes (3),https://ccr.lge-ku.com/CCR/GR,South,Bituminous,,,,,,,,,regional_prior,"Regional prior only (USGS COALQUAL regional pattern, per US_Coal_Ash_Pond_Inventory.xlsx Read Me). Real plant-level EIA-860 coal type from census_data_towns_and_power_plants_1.xlsx is used instead wherever available and always overrides this prior.",national_prior_94pct_unlined
Kentucky,Former Pineville Generating Station,Four Mile,Yes (1),https://ccr.lge-ku.com/CCR/PV,South,Bituminous,,,,,,,,,regional_prior,"Regional prior only (USGS COALQUAL regional pattern, per US_Coal_Ash_Pond_Inventory.xlsx Read Me). Real plant-level EIA-860 coal type from census_data_towns_and_power_plants_1.xlsx is used instead wherever available and always overrides this prior.",national_prior_94pct_unlined
Kentucky,Former Tyrone Generating Station,Versailles,Yes (1),https://ccr.lge-ku.com/CCR/TY,South,Bituminous,,,,,,,,,regional_prior,"Regional prior only (USGS COALQUAL regional pattern, per US_Coal_Ash_Pond_Inventory.xlsx Read Me). Real plant-level EIA-860 coal type from census_data_towns_and_power_plants_1.xlsx is used instead wherever available and always overrides this prior.",national_prior_94pct_unlined
Kentucky,Kenneth C Coleman Generating Station,Hawesville,Yes (4),https://www.bigrivers.com/ccr-rule-compliance-coleman-station.html,South,Bituminous,,,,,,,,,regional_prior,"Regional prior only (USGS COALQUAL regional pattern, per US_Coal_Ash_Pond_Inventory.xlsx Read Me). Real plant-level EIA-860 coal type from census_data_towns_and_power_plants_1.xlsx is used instead wherever available and always overrides this prior.",national_prior_94pct_unlined
Kentucky,Big Sandy,Louisa,No,https://www.aep.com/environment/ccr/bigsandy/,South,Bituminous,,,,,,,,2.0,regional_prior,"Regional prior only (USGS COALQUAL regional pattern, per US_Coal_Ash_Pond_Inventory.xlsx Read Me). Real plant-level EIA-860 coal type from census_data_towns_and_power_plants_1.xlsx is used instead wherever available and always overrides this prior.",national_prior_94pct_unlined
Kentucky,Cane Run,Louisville,No,https://lge-ku.com/CCR/CR,South,Bituminous,,,,,,,,2.0,regional_prior,"Regional prior only (USGS COALQUAL regional pattern, per US_Coal_Ash_Pond_Inventory.xlsx Read Me). Real plant-level EIA-860 coal type from census_data_towns_and_power_plants_1.xlsx is used instead wherever available and always overrides this prior.",national_prior_94pct_unlined
Kentucky,Cooper,Somerset,No,https://www2.ekpc.coop/CCR_Rule_Compliance_Data_and_Information.html,South,Bituminous,,,,,,,,,regional_prior,"Regional prior only (USGS COALQUAL regional pattern, per US_Coal_Ash_Pond_Inventory.xlsx Read Me). Real plant-level EIA-860 coal type from census_data_towns_and_power_plants_1.xlsx is used instead wherever available and always overrides this prior.",national_prior_94pct_unlined
Kentucky,D B Wilson,Centertown,No,https://www.bigrivers.com/ccr-rule-compliance-wilson-station.html,South,Bituminous,,,,,,,,,regional_prior,"Regional prior only (USGS COALQUAL regional pattern, per US_Coal_Ash_Pond_Inventory.xlsx Read Me). Real plant-level EIA-860 coal type from census_data_towns_and_power_plants_1.xlsx is used instead wherever available and always overrides this prior.",national_prior_94pct_unlined
Kentucky,Dale,Winchester,No,https://www2.ekpc.coop/CCR_Rule_Compliance_Data_and_Information.html,South,Bituminous,,,,,,,,3.0,regional_prior,"Regional prior only (USGS COALQUAL regional pattern, per US_Coal_Ash_Pond_Inventory.xlsx Read Me). Real plant-level EIA-860 coal type from census_data_towns_and_power_plants_1.xlsx is used instead wherever available and always overrides this prior.",national_prior_94pct_unlined
Kentucky,E.W. Brown,Harrodsburg,No,https://lge-ku.com/CCR/BR,South,Bituminous,,,,,,,,2.0,regional_prior,"Regional prior only (USGS COALQUAL regional pattern, per US_Coal_Ash_Pond_Inventory.xlsx Read Me). Real plant-level EIA-860 coal type from census_data_towns_and_power_plants_1.xlsx is used instead wherever available and always overrides this prior.",national_prior_94pct_unlined
Kentucky,East Bend,Union,No,https://www.duke-energy.com/our-company/environment/compliance-and-reporting/ccr-rule-compliance-data,South,Bituminous,,,,,,,,3.0,regional_prior,"Regional prior only (USGS COALQUAL regional pattern, per US_Coal_Ash_Pond_Inventory.xlsx Read Me). Real plant-level EIA-860 coal type from census_data_towns_and_power_plants_1.xlsx is used instead wherever available and always overrides this prior.",national_prior_94pct_unlined
Kentucky,Elmer Smith,Owensboro,No,https://omu.org/coal-combustion-residuals-ccr-rule-compliance-data-and-information/,South,Bituminous,,,,,,,,,regional_prior,"Regional prior only (USGS COALQUAL regional pattern, per US_Coal_Ash_Pond_Inventory.xlsx Read Me). Real plant-level EIA-860 coal type from census_data_towns_and_power_plants_1.xlsx is used instead wherever available and always overrides this prior.",national_prior_94pct_unlined
Kentucky,Ghent,Ghent,No,https://lge-ku.com/CCR/GH,South,Bituminous,,,,,,,,,regional_prior,"Regional prior only (USGS COALQUAL regional pattern, per US_Coal_Ash_Pond_Inventory.xlsx Read Me). Real plant-level EIA-860 coal type from census_data_towns_and_power_plants_1.xlsx is used instead wherever available and always overrides this prior.",national_prior_94pct_unlined
Kentucky,H L Spurlock,Maysville,No,https://www2.ekpc.coop/CCR_Rule_Compliance_Data_and_Information.html,South,Bituminous,,,,,,,,1.0,regional_prior,"Regional prior only (USGS COALQUAL regional pattern, per US_Coal_Ash_Pond_Inventory.xlsx Read Me). Real plant-level EIA-860 coal type from census_data_towns_and_power_plants_1.xlsx is used instead wherever available and always overrides this prior.",national_prior_94pct_unlined
Kentucky,J. K. Smith Station,Winchester,No,https://www2.ekpc.coop/CCR_Rule_Compliance_Data_and_Information.html,South,Bituminous,,,,,,,,,regional_prior,"Regional prior only (USGS COALQUAL regional pattern, per US_Coal_Ash_Pond_Inventory.xlsx Read Me). Real plant-level EIA-860 coal type from census_data_towns_and_power_plants_1.xlsx is used instead wherever available and always overrides this prior.",national_prior_94pct_unlined
Kentucky,Mill Creek,Louisville,No,https://lge-ku.com/CCR/MC,South,Bituminous,,,,,,,,1.0,regional_prior,"Regional prior only (USGS COALQUAL regional pattern, per US_Coal_Ash_Pond_Inventory.xlsx Read Me). Real plant-level EIA-860 coal type from census_data_towns_and_power_plants_1.xlsx is used instead wherever available and always overrides this prior.",national_prior_94pct_unlined
Kentucky,Paradise,Drakesboro,No,https://www.tva.gov/Environment/Environmental-Stewardship/Coal-Combustion-Residuals,South,Bituminous,,,,,,,,3.0,regional_prior,"Regional prior only (USGS COALQUAL regional pattern, per US_Coal_Ash_Pond_Inventory.xlsx Read Me). Real plant-level EIA-860 coal type from census_data_towns_and_power_plants_1.xlsx is used instead wherever available and always overrides this prior.",national_prior_94pct_unlined
Kentucky,Sebree,Robards,No,https://www.bigrivers.com/ccr-rule-compliance-and-data-informationsebree-station.html,South,Bituminous,,,,,,,,,regional_prior,"Regional prior only (USGS COALQUAL regional pattern, per US_Coal_Ash_Pond_Inventory.xlsx Read Me). Real plant-level EIA-860 coal type from census_data_towns_and_power_plants_1.xlsx is used instead wherever available and always overrides this prior.",national_prior_94pct_unlined
Kentucky,Shawnee,West Paducah,No,https://www.tva.gov/Environment/Environmental-Stewardship/Coal-Combustion-Residuals,South,Bituminous,,,,,,,,2.0,regional_prior,"Regional prior only (USGS COALQUAL regional pattern, per US_Coal_Ash_Pond_Inventory.xlsx Read Me). Real plant-level EIA-860 coal type from census_data_towns_and_power_plants_1.xlsx is used instead wherever available and always overrides this prior.",national_prior_94pct_unlined
Kentucky,Trimble County,Bedford,No,https://lge-ku.com/CCR/TC,South,Bituminous,,,,,,,,1.0,regional_prior,"Regional prior only (USGS COALQUAL regional pattern, per US_Coal_Ash_Pond_Inventory.xlsx Read Me). Real plant-level EIA-860 coal type from census_data_towns_and_power_plants_1.xlsx is used instead wherever available and always overrides this prior.",national_prior_94pct_unlined
Louisiana,Big Cajun 2,New Roads,Not indicated,https://pointecoupeertccr.com/,South,Lignite,,,,,,,,3.0,regional_prior,"Regional prior only (USGS COALQUAL regional pattern, per US_Coal_Ash_Pond_Inventory.xlsx Read Me). Real plant-level EIA-860 coal type from census_data_towns_and_power_plants_1.xlsx is used instead wherever available and always overrides this prior.",national_prior_94pct_unlined
Louisiana,Dolet Hills,Mansfield,Not indicated,https://www.cleco.com/-/ccr-rule-compliance-data-and-information,South,Lignite,,,,,,,,7.0,regional_prior,"Regional prior only (USGS COALQUAL regional pattern, per US_Coal_Ash_Pond_Inventory.xlsx Read Me). Real plant-level EIA-860 coal type from census_data_towns_and_power_plants_1.xlsx is used instead wherever available and always overrides this prior.",national_prior_94pct_unlined
Louisiana,R S Nelson,Westlake,Not indicated,https://www.entergy-louisiana.com/ccr/,South,Lignite,,,,,,,,,regional_prior,"Regional prior only (USGS COALQUAL regional pattern, per US_Coal_Ash_Pond_Inventory.xlsx Read Me). Real plant-level EIA-860 coal type from census_data_towns_and_power_plants_1.xlsx is used instead wherever available and always overrides this prior.",national_prior_94pct_unlined
Louisiana,Rodemacher,Lena,Not indicated,https://www.cleco.com/-/ccr-rule-compliance-data-and-information,South,Lignite,,,,,,,,3.0,regional_prior,"Regional prior only (USGS COALQUAL regional pattern, per US_Coal_Ash_Pond_Inventory.xlsx Read Me). Real plant-level EIA-860 coal type from census_data_towns_and_power_plants_1.xlsx is used instead wherever available and always overrides this prior.",national_prior_94pct_unlined
Maryland,Brandywine Ash Landfill,Aquasco,Not indicated,https://www.genon.com/ccr-rule-compliance/,South,Bituminous,,,,,,,,,regional_prior,"Regional prior only (USGS COALQUAL regional pattern, per US_Coal_Ash_Pond_Inventory.xlsx Read Me). Real plant-level EIA-860 coal type from census_data_towns_and_power_plants_1.xlsx is used instead wherever available and always overrides this prior.",national_prior_94pct_unlined
Maryland,Fort Armistead Road - Lot 15 Industrial Landfill,Baltimore,Not indicated,https://www.talenenergy.com/ccr-rule-compliance-data-information/,South,Bituminous,,,,,,,,,regional_prior,"Regional prior only (USGS COALQUAL regional pattern, per US_Coal_Ash_Pond_Inventory.xlsx Read Me). Real plant-level EIA-860 coal type from census_data_towns_and_power_plants_1.xlsx is used instead wherever available and always overrides this prior.",national_prior_94pct_unlined
Maryland,Westland Ash Landfill,Dickerson,Not indicated,https://www.genon.com/ccr-rule-compliance/,South,Bituminous,,,,,,,,,regional_prior,"Regional prior only (USGS COALQUAL regional pattern, per US_Coal_Ash_Pond_Inventory.xlsx Read Me). Real plant-level EIA-860 coal type from census_data_towns_and_power_plants_1.xlsx is used instead wherever available and always overrides this prior.",national_prior_94pct_unlined
Massachusetts,Mt. Tom Station Power Plant,Holyoke,Yes (2),https://www.engie-na.com/project-page/?project=mt-tom-generating-llc,Northeast,,,,,,,,,3.0,regional_prior,"Regional prior only (USGS COALQUAL regional pattern, per US_Coal_Ash_Pond_Inventory.xlsx Read Me). Real plant-level EIA-860 coal type from census_data_towns_and_power_plants_1.xlsx is used instead wherever available and always overrides this prior.",national_prior_94pct_unlined
Massachusetts,Brayton Point,Somerset,No,https://www.cdcco.com/ccr/brayton-point/,Northeast,,,,,,,,,,regional_prior,"Regional prior only (USGS COALQUAL regional pattern, per US_Coal_Ash_Pond_Inventory.xlsx Read Me). Real plant-level EIA-860 coal type from census_data_towns_and_power_plants_1.xlsx is used instead wherever available and always overrides this prior.",national_prior_94pct_unlined
Michigan,Former Harbor Beach Power Plant,Harbor Beach,Yes (1),https://www.ccrsites.com/harbor-beach,Midwest,Subbituminous,,,,,,,,,regional_prior,"Regional prior only (USGS COALQUAL regional pattern, per US_Coal_Ash_Pond_Inventory.xlsx Read Me). Real plant-level EIA-860 coal type from census_data_towns_and_power_plants_1.xlsx is used instead wherever available and always overrides this prior.",national_prior_94pct_unlined
Michigan,Morrow,Comstock Township,Yes (1),https://www.morrowacquisitioncompany.com/,Midwest,Subbituminous,,,,,,,,,regional_prior,"Regional prior only (USGS COALQUAL regional pattern, per US_Coal_Ash_Pond_Inventory.xlsx Read Me). Real plant-level EIA-860 coal type from census_data_towns_and_power_plants_1.xlsx is used instead wherever available and always overrides this prior.",national_prior_94pct_unlined
Michigan,B C Cobb,Muskegon,No,https://merg-ccrrule.com/,Midwest,Subbituminous,,,,,,,,,regional_prior,"Regional prior only (USGS COALQUAL regional pattern, per US_Coal_Ash_Pond_Inventory.xlsx Read Me). Real plant-level EIA-860 coal type from census_data_towns_and_power_plants_1.xlsx is used instead wherever available and always overrides this prior.",national_prior_94pct_unlined
Michigan,Belle River,China Twp,No,https://www.dteenergy.com/us/en/residential/community-and-news/environment/Coal-Combustion-Residual-Rule-Compliance-Data-and-Information.html,Midwest,Subbituminous,,,,,,,,,regional_prior,"Regional prior only (USGS COALQUAL regional pattern, per US_Coal_Ash_Pond_Inventory.xlsx Read Me). Real plant-level EIA-860 coal type from census_data_towns_and_power_plants_1.xlsx is used instead wherever available and always overrides this prior.",national_prior_94pct_unlined
Michigan,Dan E Karn,Essexville,No,https://www.consumersenergy.com/community/sustainability/environment/waste-management/coal-combustion-residuals,Midwest,Subbituminous,,,,,,,,,regional_prior,"Regional prior only (USGS COALQUAL regional pattern, per US_Coal_Ash_Pond_Inventory.xlsx Read Me). Real plant-level EIA-860 coal type from census_data_towns_and_power_plants_1.xlsx is used instead wherever available and always overrides this prior.",national_prior_94pct_unlined
Michigan,Erickson Station,Lansing,No,https://www.lbwl.com/ccr-rule-compliance-data-and-information,Midwest,Subbituminous,,,,,,,,1.0,regional_prior,"Regional prior only (USGS COALQUAL regional pattern, per US_Coal_Ash_Pond_Inventory.xlsx Read Me). Real plant-level EIA-860 coal type from census_data_towns_and_power_plants_1.xlsx is used instead wherever available and always overrides this prior.",national_prior_94pct_unlined
Michigan,J.B. Sims Plant,Grand Haven,No,https://renewharborisland.org/,Midwest,Subbituminous,,,,,,,,,regional_prior,"Regional prior only (USGS COALQUAL regional pattern, per US_Coal_Ash_Pond_Inventory.xlsx Read Me). Real plant-level EIA-860 coal type from census_data_towns_and_power_plants_1.xlsx is used instead wherever available and always overrides this prior.",national_prior_94pct_unlined
Michigan,J C Weadock,Essexville,No,https://www.consumersenergy.com/community/sustainability/environment/waste-management/coal-combustion-residuals,Midwest,Subbituminous,,,,,,,,,regional_prior,"Regional prior only (USGS COALQUAL regional pattern, per US_Coal_Ash_Pond_Inventory.xlsx Read Me). Real plant-level EIA-860 coal type from census_data_towns_and_power_plants_1.xlsx is used instead wherever available and always overrides this prior.",national_prior_94pct_unlined
Michigan,J H Campbell,West Olive,No,https://www.consumersenergy.com/community/sustainability/environment/waste-management/coal-combustion-residuals,Midwest,Subbituminous,,,,,,,,,regional_prior,"Regional prior only (USGS COALQUAL regional pattern, per US_Coal_Ash_Pond_Inventory.xlsx Read Me). Real plant-level EIA-860 coal type from census_data_towns_and_power_plants_1.xlsx is used instead wherever available and always overrides this prior.",national_prior_94pct_unlined
Michigan,J R Whiting,Erie,No,https://www.consumersenergy.com/community/sustainability/environment/waste-management/coal-combustion-residuals,Midwest,Subbituminous,,,,,,,,4.0,regional_prior,"Regional prior only (USGS COALQUAL regional pattern, per US_Coal_Ash_Pond_Inventory.xlsx Read Me). Real plant-level EIA-860 coal type from census_data_towns_and_power_plants_1.xlsx is used instead wherever available and always overrides this prior.",national_prior_94pct_unlined
Michigan,James De Young,Holland,No,https://hollandbpw.com/en/about-us/publications,Midwest,Subbituminous,,,,,,,,,regional_prior,"Regional prior only (USGS COALQUAL regional pattern, per US_Coal_Ash_Pond_Inventory.xlsx Read Me). Real plant-level EIA-860 coal type from census_data_towns_and_power_plants_1.xlsx is used instead wherever available and always overrides this prior.",national_prior_94pct_unlined
Michigan,Monroe,Monroe,No,https://www.dteenergy.com/us/en/residential/community-and-news/environment/Coal-Combustion-Residual-Rule-Compliance-Data-and-Information.html,Midwest,Subbituminous,,,,,,,,2.0,regional_prior,"Regional prior only (USGS COALQUAL regional pattern, per US_Coal_Ash_Pond_Inventory.xlsx Read Me). Real plant-level EIA-860 coal type from census_data_towns_and_power_plants_1.xlsx is used instead wherever available and always overrides this prior.",national_prior_94pct_unlined
Michigan,Presque Isle,Marquette,No,https://www.we-energies.com/environment/coal-combustion,Midwest,Subbituminous,,,,,,,,,regional_prior,"Regional prior only (USGS COALQUAL regional pattern, per US_Coal_Ash_Pond_Inventory.xlsx Read Me). Real plant-level EIA-860 coal type from census_data_towns_and_power_plants_1.xlsx is used instead wherever available and always overrides this prior.",national_prior_94pct_unlined
Michigan,River Rouge,River Rouge,No,https://www.dteenergy.com/us/en/residential/community-and-news/environment/Coal-Combustion-Residual-Rule-Compliance-Data-and-Information.html,Midwest,Subbituminous,,,,,,,,,regional_prior,"Regional prior only (USGS COALQUAL regional pattern, per US_Coal_Ash_Pond_Inventory.xlsx Read Me). Real plant-level EIA-860 coal type from census_data_towns_and_power_plants_1.xlsx is used instead wherever available and always overrides this prior.",national_prior_94pct_unlined
Michigan,Shiras,Marquette,No,https://mblp.org/public-notices/#compliance,Midwest,Subbituminous,,,,,,,,,regional_prior,"Regional prior only (USGS COALQUAL regional pattern, per US_Coal_Ash_Pond_Inventory.xlsx Read Me). Real plant-level EIA-860 coal type from census_data_towns_and_power_plants_1.xlsx is used instead wherever available and always overrides this prior.",national_prior_94pct_unlined
Michigan,St Clair,East China Twp,No,https://www.dteenergy.com/us/en/residential/community-and-news/environment/Coal-Combustion-Residual-Rule-Compliance-Data-and-Information.html,Midwest,Subbituminous,,,,,,,,,regional_prior,"Regional prior only (USGS COALQUAL regional pattern, per US_Coal_Ash_Pond_Inventory.xlsx Read Me). Real plant-level EIA-860 coal type from census_data_towns_and_power_plants_1.xlsx is used instead wherever available and always overrides this prior.",national_prior_94pct_unlined
Michigan,Trenton Channel,Trenton,No,https://www.dteenergy.com/us/en/residential/community-and-news/environment/Coal-Combustion-Residual-Rule-Compliance-Data-and-Information.html,Midwest,Subbituminous,,,,,,,,,regional_prior,"Regional prior only (USGS COALQUAL regional pattern, per US_Coal_Ash_Pond_Inventory.xlsx Read Me). Real plant-level EIA-860 coal type from census_data_towns_and_power_plants_1.xlsx is used instead wherever available and always overrides this prior.",national_prior_94pct_unlined
Minnesota,Austin Northeast,Austin,Not indicated,https://www.austinutilities.com/pages/CCRRule/,Midwest,Subbituminous,,,,,,,,,regional_prior,"Regional prior only (USGS COALQUAL regional pattern, per US_Coal_Ash_Pond_Inventory.xlsx Read Me). Real plant-level EIA-860 coal type from census_data_towns_and_power_plants_1.xlsx is used instead wherever available and always overrides this prior.",national_prior_94pct_unlined
Minnesota,Black Dog,Burnsville,Not indicated,https://corporate.my.xcelenergy.com/s/energy/sources/coal/coal-ash-management,Midwest,Subbituminous,,,,,,,,1.0,regional_prior,"Regional prior only (USGS COALQUAL regional pattern, per US_Coal_Ash_Pond_Inventory.xlsx Read Me). Real plant-level EIA-860 coal type from census_data_towns_and_power_plants_1.xlsx is used instead wherever available and always overrides this prior.",national_prior_94pct_unlined
Minnesota,Clay Boswell,Cohasset,Not indicated,https://mp-ccr.azurewebsites.net/Home/Boswell,Midwest,Subbituminous,,,,,,,,6.0,regional_prior,"Regional prior only (USGS COALQUAL regional pattern, per US_Coal_Ash_Pond_Inventory.xlsx Read Me). Real plant-level EIA-860 coal type from census_data_towns_and_power_plants_1.xlsx is used instead wherever available and always overrides this prior.",national_prior_94pct_unlined
Minnesota,Fox Lake,Sherburn,Not indicated,https://www.cdcco.com/ccr/fox-lake/,Midwest,Subbituminous,,,,,,,,,regional_prior,"Regional prior only (USGS COALQUAL regional pattern, per US_Coal_Ash_Pond_Inventory.xlsx Read Me). Real plant-level EIA-860 coal type from census_data_towns_and_power_plants_1.xlsx is used instead wherever available and always overrides this prior.",national_prior_94pct_unlined
Minnesota,General Waste Industrial Landfill,Keewatin,Not indicated,https://ccr-dem-con.com/,Midwest,Subbituminous,,,,,,,,,regional_prior,"Regional prior only (USGS COALQUAL regional pattern, per US_Coal_Ash_Pond_Inventory.xlsx Read Me). Real plant-level EIA-860 coal type from census_data_towns_and_power_plants_1.xlsx is used instead wherever available and always overrides this prior.",national_prior_94pct_unlined
Minnesota,Hoot Lake,Fergus Falls,Not indicated,http://www.ccr-hlp.net/,Midwest,Subbituminous,,,,,,,,,regional_prior,"Regional prior only (USGS COALQUAL regional pattern, per US_Coal_Ash_Pond_Inventory.xlsx Read Me). Real plant-level EIA-860 coal type from census_data_towns_and_power_plants_1.xlsx is used instead wherever available and always overrides this prior.",national_prior_94pct_unlined
Minnesota,Sherburne County (SHERCO),Becker,Not indicated,https://corporate.my.xcelenergy.com/s/energy/sources/coal/coal-ash-management,Midwest,Subbituminous,,,,,,,,,regional_prior,"Regional prior only (USGS COALQUAL regional pattern, per US_Coal_Ash_Pond_Inventory.xlsx Read Me). Real plant-level EIA-860 coal type from census_data_towns_and_power_plants_1.xlsx is used instead wherever available and always overrides this prior.",national_prior_94pct_unlined
Minnesota,Syl Laskin,Hoyt Lakes,Not indicated,https://mp-ccr.azurewebsites.net/Home/Laskin,Midwest,Subbituminous,,,,,,,,2.0,regional_prior,"Regional prior only (USGS COALQUAL regional pattern, per US_Coal_Ash_Pond_Inventory.xlsx Read Me). Real plant-level EIA-860 coal type from census_data_towns_and_power_plants_1.xlsx is used instead wherever available and always overrides this prior.",national_prior_94pct_unlined
Minnesota,Taconite Harbor,Schroeder,Not indicated,https://mp-ccr.azurewebsites.net/Home/TaconiteHarbor,Midwest,Subbituminous,,,,,,,,,regional_prior,"Regional prior only (USGS COALQUAL regional pattern, per US_Coal_Ash_Pond_Inventory.xlsx Read Me). Real plant-level EIA-860 coal type from census_data_towns_and_power_plants_1.xlsx is used instead wherever available and always overrides this prior.",national_prior_94pct_unlined
Minnesota,A.S. King,Bayport,Not indicated,https://corporate.my.xcelenergy.com/s/energy/sources/coal/coal-ash-management,Midwest,Subbituminous,,,,,,,,,regional_prior,"Regional prior only (USGS COALQUAL regional pattern, per US_Coal_Ash_Pond_Inventory.xlsx Read Me). Real plant-level EIA-860 coal type from census_data_towns_and_power_plants_1.xlsx is used instead wherever available and always overrides this prior.",national_prior_94pct_unlined
Minnesota,High Bridge,St. Paul,Not indicated,https://corporate.my.xcelenergy.com/s/energy/sources/coal/coal-ash-management,Midwest,Subbituminous,,,,,,,,,regional_prior,"Regional prior only (USGS COALQUAL regional pattern, per US_Coal_Ash_Pond_Inventory.xlsx Read Me). Real plant-level EIA-860 coal type from census_data_towns_and_power_plants_1.xlsx is used instead wherever available and always overrides this prior.",national_prior_94pct_unlined
Minnesota,Red Wing,Red Wing,Not indicated,https://corporate.my.xcelenergy.com/s/energy/sources/coal/coal-ash-management,Midwest,Subbituminous,,,,,,,,,regional_prior,"Regional prior only (USGS COALQUAL regional pattern, per US_Coal_Ash_Pond_Inventory.xlsx Read Me). Real plant-level EIA-860 coal type from census_data_towns_and_power_plants_1.xlsx is used instead wherever available and always overrides this prior.",national_prior_94pct_unlined
Minnesota,Riverside,Minneapolis,Not indicated,https://corporate.my.xcelenergy.com/s/energy/sources/coal/coal-ash-management,Midwest,Subbituminous,,,,,,,,,regional_prior,"Regional prior only (USGS COALQUAL regional pattern, per US_Coal_Ash_Pond_Inventory.xlsx Read Me). Real plant-level EIA-860 coal type from census_data_towns_and_power_plants_1.xlsx is used instead wherever available and always overrides this prior.",national_prior_94pct_unlined
Minnesota,Wilmarth,Mankato,Not indicated,https://corporate.my.xcelenergy.com/s/energy/sources/coal/coal-ash-management,Midwest,Subbituminous,,,,,,,,,regional_prior,"Regional prior only (USGS COALQUAL regional pattern, per US_Coal_Ash_Pond_Inventory.xlsx Read Me). Real plant-level EIA-860 coal type from census_data_towns_and_power_plants_1.xlsx is used instead wherever available and always overrides this prior.",national_prior_94pct_unlined
Mississippi,Jack Watson,Gulfport,Not indicated,https://www.mississippipower.com/about-energy/plants/plant-watson,South,Lignite,,,,,,,,1.0,regional_prior,"Regional prior only (USGS COALQUAL regional pattern, per US_Coal_Ash_Pond_Inventory.xlsx Read Me). Real plant-level EIA-860 coal type from census_data_towns_and_power_plants_1.xlsx is used instead wherever available and always overrides this prior.",national_prior_94pct_unlined
Mississippi,R D Morrow,Purvis,Not indicated,https://cooperativeenergy.com/pages/energy-resources/,South,Lignite,,,,,,,,,regional_prior,"Regional prior only (USGS COALQUAL regional pattern, per US_Coal_Ash_Pond_Inventory.xlsx Read Me). Real plant-level EIA-860 coal type from census_data_towns_and_power_plants_1.xlsx is used instead wherever available and always overrides this prior.",national_prior_94pct_unlined
Mississippi,Red Hills Generating Facility,Ackerman,Not indicated,https://cglplllpccr.com/,South,Lignite,,,,,,,,,regional_prior,"Regional prior only (USGS COALQUAL regional pattern, per US_Coal_Ash_Pond_Inventory.xlsx Read Me). Real plant-level EIA-860 coal type from census_data_towns_and_power_plants_1.xlsx is used instead wherever available and always overrides this prior.",national_prior_94pct_unlined
Mississippi,Victor J Daniel Jr,Escatawpa,Not indicated,https://www.mississippipower.com/about-energy/plants/plant-daniel,South,Lignite,,,,,,,,,regional_prior,"Regional prior only (USGS COALQUAL regional pattern, per US_Coal_Ash_Pond_Inventory.xlsx Read Me). Real plant-level EIA-860 coal type from census_data_towns_and_power_plants_1.xlsx is used instead wherever available and always overrides this prior.",national_prior_94pct_unlined
Missouri,Asbury,Asbury,Not indicated,https://central.libertyutilities.com/all/residential/compliance/asbury-ccr-residential-central-liberty.html,Midwest,Subbituminous,,,,,,,,3.0,regional_prior,"Regional prior only (USGS COALQUAL regional pattern, per US_Coal_Ash_Pond_Inventory.xlsx Read Me). Real plant-level EIA-860 coal type from census_data_towns_and_power_plants_1.xlsx is used instead wherever available and always overrides this prior.",national_prior_94pct_unlined
Missouri,Blue Valley,Independence,Not indicated,https://www.independencemo.gov/government/city-departments/power-and-light/ccr-rule-compliance,Midwest,Subbituminous,,,,,,,,3.0,regional_prior,"Regional prior only (USGS COALQUAL regional pattern, per US_Coal_Ash_Pond_Inventory.xlsx Read Me). Real plant-level EIA-860 coal type from census_data_towns_and_power_plants_1.xlsx is used instead wherever available and always overrides this prior.",national_prior_94pct_unlined
Missouri,Columbia (MO),Columbia,Not indicated,https://www.como.gov/utilities/coal-combustion/,Midwest,Subbituminous,,,,,,,,,regional_prior,"Regional prior only (USGS COALQUAL regional pattern, per US_Coal_Ash_Pond_Inventory.xlsx Read Me). Real plant-level EIA-860 coal type from census_data_towns_and_power_plants_1.xlsx is used instead wherever available and always overrides this prior.",national_prior_94pct_unlined
Missouri,Iatan,Weston,Not indicated,https://www.evergy.com/ccr,Midwest,Subbituminous,,,,,,,,,regional_prior,"Regional prior only (USGS COALQUAL regional pattern, per US_Coal_Ash_Pond_Inventory.xlsx Read Me). Real plant-level EIA-860 coal type from census_data_towns_and_power_plants_1.xlsx is used instead wherever available and always overrides this prior.",national_prior_94pct_unlined
Missouri,James River Power Station,Springfield,Not indicated,https://www.cityutilities.net/322/Coal-Combustion-Residuals-CCR,Midwest,Subbituminous,,,,,,,,,regional_prior,"Regional prior only (USGS COALQUAL regional pattern, per US_Coal_Ash_Pond_Inventory.xlsx Read Me). Real plant-level EIA-860 coal type from census_data_towns_and_power_plants_1.xlsx is used instead wherever available and always overrides this prior.",national_prior_94pct_unlined
Missouri,John Twitty Energy Center,Springfield,Not indicated,https://www.cityutilities.net/322/Coal-Combustion-Residuals-CCR,Midwest,Subbituminous,,,,,,,,2.0,regional_prior,"Regional prior only (USGS COALQUAL regional pattern, per US_Coal_Ash_Pond_Inventory.xlsx Read Me). Real plant-level EIA-860 coal type from census_data_towns_and_power_plants_1.xlsx is used instead wherever available and always overrides this prior.",national_prior_94pct_unlined
Missouri,Labadie,Labadie,Not indicated,https://www.ameren.com/company/environment-and-sustainability/managing-coal-combustion/ccr-compliance-reports/labadie-energy-center,Midwest,Subbituminous,,,,,,,,2.0,regional_prior,"Regional prior only (USGS COALQUAL regional pattern, per US_Coal_Ash_Pond_Inventory.xlsx Read Me). Real plant-level EIA-860 coal type from census_data_towns_and_power_plants_1.xlsx is used instead wherever available and always overrides this prior.",national_prior_94pct_unlined
Missouri,Meramec,St. Louis,Not indicated,https://www.ameren.com/company/environment-and-sustainability/managing-coal-combustion/ccr-compliance-reports/meramec-energy-center,Midwest,Subbituminous,,,,,,,,7.0,regional_prior,"Regional prior only (USGS COALQUAL regional pattern, per US_Coal_Ash_Pond_Inventory.xlsx Read Me). Real plant-level EIA-860 coal type from census_data_towns_and_power_plants_1.xlsx is used instead wherever available and always overrides this prior.",national_prior_94pct_unlined
Missouri,Missouri City,Missouri City,Not indicated,https://www.independencemo.gov/government/city-departments/power-and-light/ccr-rule-compliance,Midwest,Subbituminous,,,,,,,,,regional_prior,"Regional prior only (USGS COALQUAL regional pattern, per US_Coal_Ash_Pond_Inventory.xlsx Read Me). Real plant-level EIA-860 coal type from census_data_towns_and_power_plants_1.xlsx is used instead wherever available and always overrides this prior.",national_prior_94pct_unlined
Missouri,Montrose,Clinton,Not indicated,https://www.evergy.com/ccr,Midwest,Subbituminous,,,,,,,,2.0,regional_prior,"Regional prior only (USGS COALQUAL regional pattern, per US_Coal_Ash_Pond_Inventory.xlsx Read Me). Real plant-level EIA-860 coal type from census_data_towns_and_power_plants_1.xlsx is used instead wherever available and always overrides this prior.",national_prior_94pct_unlined
Missouri,New Madrid,New Madrid,Not indicated,https://www.aeci.org/responsible/ccr,Midwest,Subbituminous,,,,,,,,4.0,regional_prior,"Regional prior only (USGS COALQUAL regional pattern, per US_Coal_Ash_Pond_Inventory.xlsx Read Me). Real plant-level EIA-860 coal type from census_data_towns_and_power_plants_1.xlsx is used instead wherever available and always overrides this prior.",national_prior_94pct_unlined
Missouri,Rush Island,Festus,Not indicated,https://www.ameren.com/company/environment-and-sustainability/managing-coal-combustion/ccr-compliance-reports/rush-island-energy-center,Midwest,Subbituminous,,,,,,,,1.0,regional_prior,"Regional prior only (USGS COALQUAL regional pattern, per US_Coal_Ash_Pond_Inventory.xlsx Read Me). Real plant-level EIA-860 coal type from census_data_towns_and_power_plants_1.xlsx is used instead wherever available and always overrides this prior.",national_prior_94pct_unlined
Missouri,Sibley,Sibley,Not indicated,https://www.evergy.com/ccr,Midwest,Subbituminous,,,,,,,,2.0,regional_prior,"Regional prior only (USGS COALQUAL regional pattern, per US_Coal_Ash_Pond_Inventory.xlsx Read Me). Real plant-level EIA-860 coal type from census_data_towns_and_power_plants_1.xlsx is used instead wherever available and always overrides this prior.",national_prior_94pct_unlined
Missouri,Sikeston Power Station,Sikeston,Not indicated,http://www.sikestonpower.com,Midwest,Subbituminous,,,,,,,,2.0,regional_prior,"Regional prior only (USGS COALQUAL regional pattern, per US_Coal_Ash_Pond_Inventory.xlsx Read Me). Real plant-level EIA-860 coal type from census_data_towns_and_power_plants_1.xlsx is used instead wherever available and always overrides this prior.",national_prior_94pct_unlined
Missouri,Sioux,West Alton,Not indicated,https://www.ameren.com/company/environment-and-sustainability/managing-coal-combustion/ccr-compliance-reports/sioux-energy-center,Midwest,Subbituminous,,,,,,,,2.0,regional_prior,"Regional prior only (USGS COALQUAL regional pattern, per US_Coal_Ash_Pond_Inventory.xlsx Read Me). Real plant-level EIA-860 coal type from census_data_towns_and_power_plants_1.xlsx is used instead wherever available and always overrides this prior.",national_prior_94pct_unlined
Missouri,Thomas Hill,Clifton Hill,Not indicated,https://www.aeci.org/responsible/ccr,Midwest,Subbituminous,,,,,,,,,regional_prior,"Regional prior only (USGS COALQUAL regional pattern, per US_Coal_Ash_Pond_Inventory.xlsx Read Me). Real plant-level EIA-860 coal type from census_data_towns_and_power_plants_1.xlsx is used instead wherever available and always overrides this prior.",national_prior_94pct_unlined
Montana,J.E. Corette Plant,Billings,Yes (1),https://www.talenenergy.com/ccr-corette/,West,Subbituminous,,,,,,,,,regional_prior,"Regional prior only (USGS COALQUAL regional pattern, per US_Coal_Ash_Pond_Inventory.xlsx Read Me). Real plant-level EIA-860 coal type from census_data_towns_and_power_plants_1.xlsx is used instead wherever available and always overrides this prior.",national_prior_94pct_unlined
Montana,Colstrip Steam Electric Station,Colstrip,No,https://www.talenenergy.com/ccr-colstrip/,West,Subbituminous,,,,,,,,,regional_prior,"Regional prior only (USGS COALQUAL regional pattern, per US_Coal_Ash_Pond_Inventory.xlsx Read Me). Real plant-level EIA-860 coal type from census_data_towns_and_power_plants_1.xlsx is used instead wherever available and always overrides this prior.",national_prior_94pct_unlined
Montana,Rosebud Power Plant,Colstrip,No,https://celpccr.com/,West,Subbituminous,,,,,,,,,regional_prior,"Regional prior only (USGS COALQUAL regional pattern, per US_Coal_Ash_Pond_Inventory.xlsx Read Me). Real plant-level EIA-860 coal type from census_data_towns_and_power_plants_1.xlsx is used instead wherever available and always overrides this prior.",national_prior_94pct_unlined
Montana,Lewis & Clark,Richland,No,https://www.montana-dakota.com/energy-efficiency/ccr-rule/lewis-clark-station/,West,Subbituminous,,,,,,,,,regional_prior,"Regional prior only (USGS COALQUAL regional pattern, per US_Coal_Ash_Pond_Inventory.xlsx Read Me). Real plant-level EIA-860 coal type from census_data_towns_and_power_plants_1.xlsx is used instead wherever available and always overrides this prior.",national_prior_94pct_unlined
Nebraska,Gerald Gentleman,Sutherland,Not indicated,https://www.nppd.com/ccr-rule-compliance,Midwest,Subbituminous,,,,,,,,,regional_prior,"Regional prior only (USGS COALQUAL regional pattern, per US_Coal_Ash_Pond_Inventory.xlsx Read Me). Real plant-level EIA-860 coal type from census_data_towns_and_power_plants_1.xlsx is used instead wherever available and always overrides this prior.",national_prior_94pct_unlined
Nebraska,Lon Wright,Fremont,Not indicated,https://www.fremontne.gov/770/CCR-Rule-Compliance-Data-and-Information,Midwest,Subbituminous,,,,,,,,,regional_prior,"Regional prior only (USGS COALQUAL regional pattern, per US_Coal_Ash_Pond_Inventory.xlsx Read Me). Real plant-level EIA-860 coal type from census_data_towns_and_power_plants_1.xlsx is used instead wherever available and always overrides this prior.",national_prior_94pct_unlined
Nebraska,Nebraska City,Nebraska City,Not indicated,https://www.oppd.com/environment/environmental-reports/ccr-rule-compliance/ccr-rule-compliance-nebraska-city/,Midwest,Subbituminous,,,,,,,,,regional_prior,"Regional prior only (USGS COALQUAL regional pattern, per US_Coal_Ash_Pond_Inventory.xlsx Read Me). Real plant-level EIA-860 coal type from census_data_towns_and_power_plants_1.xlsx is used instead wherever available and always overrides this prior.",national_prior_94pct_unlined
Nebraska,North Omaha,Omaha,Not indicated,https://www.oppd.com/environment/environmental-reports/ccr-rule-compliance/ccr-rule-compliance-north-omaha,Midwest,Subbituminous,,,,,,,,,regional_prior,"Regional prior only (USGS COALQUAL regional pattern, per US_Coal_Ash_Pond_Inventory.xlsx Read Me). Real plant-level EIA-860 coal type from census_data_towns_and_power_plants_1.xlsx is used instead wherever available and always overrides this prior.",national_prior_94pct_unlined
Nebraska,Platte,Grand Island,Not indicated,https://www.giud.com/o/giud/page/ccr-rule-compliance-data-and-information,Midwest,Subbituminous,,,,,,,,,regional_prior,"Regional prior only (USGS COALQUAL regional pattern, per US_Coal_Ash_Pond_Inventory.xlsx Read Me). Real plant-level EIA-860 coal type from census_data_towns_and_power_plants_1.xlsx is used instead wherever available and always overrides this prior.",national_prior_94pct_unlined
Nebraska,Sheldon,Hallam,Not indicated,https://www.nppd.com/ccr-rule-compliance#sheldon-station,Midwest,Subbituminous,,,,,,,,,regional_prior,"Regional prior only (USGS COALQUAL regional pattern, per US_Coal_Ash_Pond_Inventory.xlsx Read Me). Real plant-level EIA-860 coal type from census_data_towns_and_power_plants_1.xlsx is used instead wherever available and always overrides this prior.",national_prior_94pct_unlined
Nebraska,Whelan Energy Center,Hastings,Not indicated,https://www.cityofhastings.org/departments/utilities/policies/ccr-rule-compliance.html,Midwest,Subbituminous,,,,,,,,,regional_prior,"Regional prior only (USGS COALQUAL regional pattern, per US_Coal_Ash_Pond_Inventory.xlsx Read Me). Real plant-level EIA-860 coal type from census_data_towns_and_power_plants_1.xlsx is used instead wherever available and always overrides this prior.",national_prior_94pct_unlined
Nevada,North Valmy,Valmy,Not indicated,https://www.nvenergy.com/cleanenergy/ccr-rule-compliance-data,West,Subbituminous,,,,,,,,,regional_prior,"Regional prior only (USGS COALQUAL regional pattern, per US_Coal_Ash_Pond_Inventory.xlsx Read Me). Real plant-level EIA-860 coal type from census_data_towns_and_power_plants_1.xlsx is used instead wherever available and always overrides this prior.",national_prior_94pct_unlined
Nevada,Reid Gardner,Moapa,Not indicated,https://www.nvenergy.com/cleanenergy/ccr-rule-compliance-data,West,Subbituminous,,,,,,,,8.0,regional_prior,"Regional prior only (USGS COALQUAL regional pattern, per US_Coal_Ash_Pond_Inventory.xlsx Read Me). Real plant-level EIA-860 coal type from census_data_towns_and_power_plants_1.xlsx is used instead wherever available and always overrides this prior.",national_prior_94pct_unlined
Nevada,TS Power Plant,Battle Mountain,Not indicated,https://www.barrick.com/English/operations/ccr-rule-compliance-data-and-information/default.aspx,West,Subbituminous,,,,,,,,,regional_prior,"Regional prior only (USGS COALQUAL regional pattern, per US_Coal_Ash_Pond_Inventory.xlsx Read Me). Real plant-level EIA-860 coal type from census_data_towns_and_power_plants_1.xlsx is used instead wherever available and always overrides this prior.",national_prior_94pct_unlined
New Hampshire,Merrimack,Bow,Not indicated,https://graniteshorepower.com/merrimack-station-landfill-information,Northeast,,,,,,,,,,regional_prior,"Regional prior only (USGS COALQUAL regional pattern, per US_Coal_Ash_Pond_Inventory.xlsx Read Me). Real plant-level EIA-860 coal type from census_data_towns_and_power_plants_1.xlsx is used instead wherever available and always overrides this prior.",national_prior_94pct_unlined
New Jersey,B L England,Beesley's Point,Not indicated,http://blenglandccr.com/,Northeast,,,,,,,,,,regional_prior,"Regional prior only (USGS COALQUAL regional pattern, per US_Coal_Ash_Pond_Inventory.xlsx Read Me). Real plant-level EIA-860 coal type from census_data_towns_and_power_plants_1.xlsx is used instead wherever available and always overrides this prior.",national_prior_94pct_unlined
New Jersey,PSEG Hudson Generating Station,Jersey City,Not indicated,https://hrpgroup.com/former-hudson-generating-station,Northeast,,,,,,,,,,regional_prior,"Regional prior only (USGS COALQUAL regional pattern, per US_Coal_Ash_Pond_Inventory.xlsx Read Me). Real plant-level EIA-860 coal type from census_data_towns_and_power_plants_1.xlsx is used instead wherever available and always overrides this prior.",national_prior_94pct_unlined
New Jersey,PSEG Mercer Generating Station,Hamilton Township,Not indicated,https://hrpgroup.com/former-mercer-generating-station,Northeast,,,,,,,,,,regional_prior,"Regional prior only (USGS COALQUAL regional pattern, per US_Coal_Ash_Pond_Inventory.xlsx Read Me). Real plant-level EIA-860 coal type from census_data_towns_and_power_plants_1.xlsx is used instead wherever available and always overrides this prior.",national_prior_94pct_unlined
New Mexico,Escalante,Prewitt,Not indicated,https://tristate.coop/environment,West,Subbituminous,,,,,,,,1.0,regional_prior,"Regional prior only (USGS COALQUAL regional pattern, per US_Coal_Ash_Pond_Inventory.xlsx Read Me). Real plant-level EIA-860 coal type from census_data_towns_and_power_plants_1.xlsx is used instead wherever available and always overrides this prior.",national_prior_94pct_unlined
New Mexico,Four Corners,Fruitland,Not indicated,https://www.aps.com/en/Utility/Regulatory-and-Legal/Environmental-Compliance#FourCorners,West,Subbituminous,,,,,,,,2.0,regional_prior,"Regional prior only (USGS COALQUAL regional pattern, per US_Coal_Ash_Pond_Inventory.xlsx Read Me). Real plant-level EIA-860 coal type from census_data_towns_and_power_plants_1.xlsx is used instead wherever available and always overrides this prior.",national_prior_94pct_unlined
New York,Cayuga Operating Company,Lansing,Not indicated,https://scoc1.weebly.com/,Northeast,,,,,,,,,,regional_prior,"Regional prior only (USGS COALQUAL regional pattern, per US_Coal_Ash_Pond_Inventory.xlsx Read Me). Real plant-level EIA-860 coal type from census_data_towns_and_power_plants_1.xlsx is used instead wherever available and always overrides this prior.",national_prior_94pct_unlined
New York,Dunkirk Generating Plant,Dunkirk,Not indicated,https://www.nrg.com/legal/coal-combustion-residuals.html,Northeast,,,,,,,,,,regional_prior,"Regional prior only (USGS COALQUAL regional pattern, per US_Coal_Ash_Pond_Inventory.xlsx Read Me). Real plant-level EIA-860 coal type from census_data_towns_and_power_plants_1.xlsx is used instead wherever available and always overrides this prior.",national_prior_94pct_unlined
New York,Greenidge Generation,Dresden,Not indicated,https://greenidgeccr.com/,Northeast,,,,,,,,,,regional_prior,"Regional prior only (USGS COALQUAL regional pattern, per US_Coal_Ash_Pond_Inventory.xlsx Read Me). Real plant-level EIA-860 coal type from census_data_towns_and_power_plants_1.xlsx is used instead wherever available and always overrides this prior.",national_prior_94pct_unlined
New York,Huntley Generation Station,Tonawanda,Not indicated,https://www.nrg.com/legal/coal-combustion-residuals.html,Northeast,,,,,,,,,,regional_prior,"Regional prior only (USGS COALQUAL regional pattern, per US_Coal_Ash_Pond_Inventory.xlsx Read Me). Real plant-level EIA-860 coal type from census_data_towns_and_power_plants_1.xlsx is used instead wherever available and always overrides this prior.",national_prior_94pct_unlined
New York,Lockwood Ash Landfill,Torrey,Not indicated,https://lockwoodhillsllc.com/,Northeast,,,,,,,,,,regional_prior,"Regional prior only (USGS COALQUAL regional pattern, per US_Coal_Ash_Pond_Inventory.xlsx Read Me). Real plant-level EIA-860 coal type from census_data_towns_and_power_plants_1.xlsx is used instead wherever available and always overrides this prior.",national_prior_94pct_unlined
New York,Somerset Operating Company,Barker,Not indicated,https://scoc1.weebly.com/,Northeast,,,,,,,,,,regional_prior,"Regional prior only (USGS COALQUAL regional pattern, per US_Coal_Ash_Pond_Inventory.xlsx Read Me). Real plant-level EIA-860 coal type from census_data_towns_and_power_plants_1.xlsx is used instead wherever available and always overrides this prior.",national_prior_94pct_unlined
North Carolina,Cape Fear Steam Station,Moncure,Yes (4),https://www.duke-energy.com/our-company/environment/compliance-and-reporting/ccr-rule-compliance-data,South,Subbituminous,,,,,,,,,regional_prior,"Regional prior only (USGS COALQUAL regional pattern, per US_Coal_Ash_Pond_Inventory.xlsx Read Me). Real plant-level EIA-860 coal type from census_data_towns_and_power_plants_1.xlsx is used instead wherever available and always overrides this prior.",national_prior_94pct_unlined
North Carolina,Riverbend Steam Station,Mount Holly,Yes (2),https://www.duke-energy.com/our-company/environment/compliance-and-reporting/ccr-rule-compliance-data,South,Subbituminous,,,,,,,,2.0,regional_prior,"Regional prior only (USGS COALQUAL regional pattern, per US_Coal_Ash_Pond_Inventory.xlsx Read Me). Real plant-level EIA-860 coal type from census_data_towns_and_power_plants_1.xlsx is used instead wherever available and always overrides this prior.",national_prior_94pct_unlined
North Carolina,Asheville,Arden,No,https://www.duke-energy.com/our-company/environment/compliance-and-reporting/ccr-rule-compliance-data,South,Subbituminous,,,,,,,,,regional_prior,"Regional prior only (USGS COALQUAL regional pattern, per US_Coal_Ash_Pond_Inventory.xlsx Read Me). Real plant-level EIA-860 coal type from census_data_towns_and_power_plants_1.xlsx is used instead wherever available and always overrides this prior.",national_prior_94pct_unlined
North Carolina,Belews Creek,Belews Creek,No,https://www.duke-energy.com/our-company/environment/compliance-and-reporting/ccr-rule-compliance-data,South,Subbituminous,,,,,,,,1.0,regional_prior,"Regional prior only (USGS COALQUAL regional pattern, per US_Coal_Ash_Pond_Inventory.xlsx Read Me). Real plant-level EIA-860 coal type from census_data_towns_and_power_plants_1.xlsx is used instead wherever available and always overrides this prior.",national_prior_94pct_unlined
North Carolina,Brickhaven No. 2 Mine Tract,Moncure,No,https://gm-ccrrule.com,South,Subbituminous,,,,,,,,,regional_prior,"Regional prior only (USGS COALQUAL regional pattern, per US_Coal_Ash_Pond_Inventory.xlsx Read Me). Real plant-level EIA-860 coal type from census_data_towns_and_power_plants_1.xlsx is used instead wherever available and always overrides this prior.",national_prior_94pct_unlined
North Carolina,Buck,Salisbury,No,https://www.duke-energy.com/our-company/environment/compliance-and-reporting/ccr-rule-compliance-data,South,Subbituminous,,,,,,,,,regional_prior,"Regional prior only (USGS COALQUAL regional pattern, per US_Coal_Ash_Pond_Inventory.xlsx Read Me). Real plant-level EIA-860 coal type from census_data_towns_and_power_plants_1.xlsx is used instead wherever available and always overrides this prior.",national_prior_94pct_unlined
North Carolina,Cliffside,Cliffside,No,https://www.duke-energy.com/our-company/environment/compliance-and-reporting/ccr-rule-compliance-data,South,Subbituminous,,,,,,,,4.0,regional_prior,"Regional prior only (USGS COALQUAL regional pattern, per US_Coal_Ash_Pond_Inventory.xlsx Read Me). Real plant-level EIA-860 coal type from census_data_towns_and_power_plants_1.xlsx is used instead wherever available and always overrides this prior.",national_prior_94pct_unlined
North Carolina,Dan River,Eden,No,https://www.duke-energy.com/our-company/environment/compliance-and-reporting/ccr-rule-compliance-data,South,Subbituminous,,,,,,,,2.0,regional_prior,"Regional prior only (USGS COALQUAL regional pattern, per US_Coal_Ash_Pond_Inventory.xlsx Read Me). Real plant-level EIA-860 coal type from census_data_towns_and_power_plants_1.xlsx is used instead wherever available and always overrides this prior.",national_prior_94pct_unlined
North Carolina,G G Allen,Belmont,No,https://www.duke-energy.com/our-company/environment/compliance-and-reporting/ccr-rule-compliance-data,South,Subbituminous,,,,,,,,,regional_prior,"Regional prior only (USGS COALQUAL regional pattern, per US_Coal_Ash_Pond_Inventory.xlsx Read Me). Real plant-level EIA-860 coal type from census_data_towns_and_power_plants_1.xlsx is used instead wherever available and always overrides this prior.",national_prior_94pct_unlined
North Carolina,Halifax County Ash Landfill,Littleton,No,https://www.halifaxnc.com/DocumentCenter/Index/61,South,Subbituminous,,,,,,,,,regional_prior,"Regional prior only (USGS COALQUAL regional pattern, per US_Coal_Ash_Pond_Inventory.xlsx Read Me). Real plant-level EIA-860 coal type from census_data_towns_and_power_plants_1.xlsx is used instead wherever available and always overrides this prior.",national_prior_94pct_unlined
North Carolina,HF Lee Plant,Goldsboro,No,https://www.duke-energy.com/our-company/environment/compliance-and-reporting/ccr-rule-compliance-data,South,Subbituminous,,,,,,,,,regional_prior,"Regional prior only (USGS COALQUAL regional pattern, per US_Coal_Ash_Pond_Inventory.xlsx Read Me). Real plant-level EIA-860 coal type from census_data_towns_and_power_plants_1.xlsx is used instead wherever available and always overrides this prior.",national_prior_94pct_unlined
North Carolina,L V Sutton Steam,Wilmington,No,https://www.duke-energy.com/our-company/environment/compliance-and-reporting/ccr-rule-compliance-data,South,Subbituminous,,,,,,,,,regional_prior,"Regional prior only (USGS COALQUAL regional pattern, per US_Coal_Ash_Pond_Inventory.xlsx Read Me). Real plant-level EIA-860 coal type from census_data_towns_and_power_plants_1.xlsx is used instead wherever available and always overrides this prior.",national_prior_94pct_unlined
North Carolina,Marshall (NC),Terrell,No,https://www.duke-energy.com/our-company/environment/compliance-and-reporting/ccr-rule-compliance-data,South,Subbituminous,,,,,,,,,regional_prior,"Regional prior only (USGS COALQUAL regional pattern, per US_Coal_Ash_Pond_Inventory.xlsx Read Me). Real plant-level EIA-860 coal type from census_data_towns_and_power_plants_1.xlsx is used instead wherever available and always overrides this prior.",national_prior_94pct_unlined
North Carolina,Mayo,Roxboro,No,https://www.duke-energy.com/our-company/environment/compliance-and-reporting/ccr-rule-compliance-data,South,Subbituminous,,,,,,,,,regional_prior,"Regional prior only (USGS COALQUAL regional pattern, per US_Coal_Ash_Pond_Inventory.xlsx Read Me). Real plant-level EIA-860 coal type from census_data_towns_and_power_plants_1.xlsx is used instead wherever available and always overrides this prior.",national_prior_94pct_unlined
North Carolina,Roxboro,Semora,No,https://www.duke-energy.com/our-company/environment/compliance-and-reporting/ccr-rule-compliance-data,South,Subbituminous,,,,,,,,3.0,regional_prior,"Regional prior only (USGS COALQUAL regional pattern, per US_Coal_Ash_Pond_Inventory.xlsx Read Me). Real plant-level EIA-860 coal type from census_data_towns_and_power_plants_1.xlsx is used instead wherever available and always overrides this prior.",national_prior_94pct_unlined
North Carolina,W.H. Weatherspoon,Robeson County,No,https://www.duke-energy.com/our-company/environment/compliance-and-reporting/ccr-rule-compliance-data,South,Subbituminous,,,,,,,,1.0,regional_prior,"Regional prior only (USGS COALQUAL regional pattern, per US_Coal_Ash_Pond_Inventory.xlsx Read Me). Real plant-level EIA-860 coal type from census_data_towns_and_power_plants_1.xlsx is used instead wherever available and always overrides this prior.",national_prior_94pct_unlined
North Dakota,William J. Neal Station,Velva,Potential (1),https://www.basinelectric.com/environment/coal-combustion-residuals-ccr-rule-compliance-data-and-information/William-J-Neal-Station,Midwest,Lignite,Retired / not in EIA-923,,Retired 1985; dismantled 1999-2000; subject to 2024 EPA CCR Legacy Rule (legacy ash disposal site),5207.0,80733.0,9.7,,,regional_prior,"Regional prior only (USGS COALQUAL regional pattern, per US_Coal_Ash_Pond_Inventory.xlsx Read Me). Real plant-level EIA-860 coal type from census_data_towns_and_power_plants_1.xlsx is used instead wherever available and always overrides this prior.",national_prior_94pct_unlined
North Dakota,Antelope Valley,Beulah,No,https://www.basinelectric.com/environment/coal-combustion-residuals-ccr-rule-compliance-data-and-information/,Midwest,Lignite,"Lignite,Refined coal",Yes (lined),Operating - in service,8337.0,80946.0,9.7,4433152.0,2.0,EIA-860 (matched),Matched to census_data_towns_and_power_plants_1.xlsx (EIA-860 2024).,matched
North Dakota,Coal Creek,Underwood,No,https://ccr.rainbowenergycenter.com/,Midwest,Lignite,"Lignite,Refined coal",Yes (lined),Operating - in service,9823.0,83583.0,8.9,6777600.0,2.0,EIA-860 (matched),Matched to census_data_towns_and_power_plants_1.xlsx (EIA-860 2024).,matched
North Dakota,Coyote,Beulah,No,http://www.ccr-cs.net/,Midwest,Lignite,Lignite,No (unlined),Operating - in service,8337.0,80946.0,9.7,1922190.0,3.0,EIA-860 (matched),Matched to census_data_towns_and_power_plants_1.xlsx (EIA-860 2024).,matched
North Dakota,Leland Olds,Stanton,No,https://www.basinelectric.com/environment/coal-combustion-residuals-ccr-rule-compliance-data-and-information/,Midwest,Subbituminous,"Lignite,Refined coal,Subbituminous",No (unlined),Operating - in service,8337.0,80946.0,9.7,2756343.0,3.0,EIA-860 (matched),Matched to census_data_towns_and_power_plants_1.xlsx (EIA-860 2024).,matched
North Dakota,Milton R Young,Center,No,https://www.minnkota.com/minnkota-website/our-power/ccr-rule-compliance,Midwest,Lignite,"Lignite,Refined coal",Yes (lined),Operating - in service,1839.0,77240.0,5.2,3858573.0,4.0,EIA-860 (matched),Matched to census_data_towns_and_power_plants_1.xlsx (EIA-860 2024).,matched
North Dakota,R M Heskett,Mandan,No,https://www.montana-dakota.com/energy-efficiency/ccr-rule/r-m-heskett-station/,Midwest,Subbituminous,"Lignite,Subbituminous",Yes (lined),Operating - in service,33777.0,79382.0,8.0,0.0,,EIA-860 (matched),Matched to census_data_towns_and_power_plants_1.xlsx (EIA-860 2024).,matched
North Dakota,Stanton Station,Stanton,No,https://ccr.greatriverenergy.com/,Midwest,Lignite,Not currently coal-fired,Yes (lined),Operating - in service,8337.0,80946.0,9.7,,,regional_prior,"Regional prior only (USGS COALQUAL regional pattern, per US_Coal_Ash_Pond_Inventory.xlsx Read Me). Real plant-level EIA-860 coal type from census_data_towns_and_power_plants_1.xlsx is used instead wherever available and always overrides this prior.",matched
Ohio,Former Gorge Power Station,Akron,Potential (1),http://ccrdocs.firstenergycorp.com/files/Legacy%20CCR%20Sites/Patterson%20Avenue/,Midwest,Bituminous,,,,,,,,,regional_prior,"Regional prior only (USGS COALQUAL regional pattern, per US_Coal_Ash_Pond_Inventory.xlsx Read Me). Real plant-level EIA-860 coal type from census_data_towns_and_power_plants_1.xlsx is used instead wherever available and always overrides this prior.",national_prior_94pct_unlined
Ohio,Former Mad River Power Station,Springfield,Yes (1),http://ccrdocs.firstenergycorp.com/files/Legacy%20CCR%20Sites/Mad%20River/,Midwest,Bituminous,,,,,,,,,regional_prior,"Regional prior only (USGS COALQUAL regional pattern, per US_Coal_Ash_Pond_Inventory.xlsx Read Me). Real plant-level EIA-860 coal type from census_data_towns_and_power_plants_1.xlsx is used instead wherever available and always overrides this prior.",national_prior_94pct_unlined
Ohio,Former Muskingum River Power Plant,Waterford,Yes (4),https://www.ccrsites.com/muskingum-river,Midwest,Bituminous,,,,,,,,,regional_prior,"Regional prior only (USGS COALQUAL regional pattern, per US_Coal_Ash_Pond_Inventory.xlsx Read Me). Real plant-level EIA-860 coal type from census_data_towns_and_power_plants_1.xlsx is used instead wherever available and always overrides this prior.",national_prior_94pct_unlined
Ohio,Former Niles Power Station,Niles,Yes (3),https://www.ccrsites.com/niles,Midwest,Bituminous,,,,,,,,,regional_prior,"Regional prior only (USGS COALQUAL regional pattern, per US_Coal_Ash_Pond_Inventory.xlsx Read Me). Real plant-level EIA-860 coal type from census_data_towns_and_power_plants_1.xlsx is used instead wherever available and always overrides this prior.",national_prior_94pct_unlined
Ohio,Philo Site,Philo,Yes (2),https://www.aep.com/environment/ccr/Philo,Midwest,Bituminous,,,,,,,,,regional_prior,"Regional prior only (USGS COALQUAL regional pattern, per US_Coal_Ash_Pond_Inventory.xlsx Read Me). Real plant-level EIA-860 coal type from census_data_towns_and_power_plants_1.xlsx is used instead wherever available and always overrides this prior.",national_prior_94pct_unlined
Ohio,Poston Site,Athens,Yes (1),https://www.aep.com/environment/ccr/Poston,Midwest,Bituminous,,,,,,,,,regional_prior,"Regional prior only (USGS COALQUAL regional pattern, per US_Coal_Ash_Pond_Inventory.xlsx Read Me). Real plant-level EIA-860 coal type from census_data_towns_and_power_plants_1.xlsx is used instead wherever available and always overrides this prior.",national_prior_94pct_unlined
Ohio,W.C. Beckjord Generating Station,New Richmond,Yes (1),https://www.ccrsites.com/beckjord,Midwest,Bituminous,,,,,,,,4.0,regional_prior,"Regional prior only (USGS COALQUAL regional pattern, per US_Coal_Ash_Pond_Inventory.xlsx Read Me). Real plant-level EIA-860 coal type from census_data_towns_and_power_plants_1.xlsx is used instead wherever available and always overrides this prior.",national_prior_94pct_unlined
Ohio,Cardinal,Brillant,No,https://ohioec.org/buckeye-power/ccr-rule-compliance-data-information/,Midwest,Bituminous,,,,,,,,3.0,regional_prior,"Regional prior only (USGS COALQUAL regional pattern, per US_Coal_Ash_Pond_Inventory.xlsx Read Me). Real plant-level EIA-860 coal type from census_data_towns_and_power_plants_1.xlsx is used instead wherever available and always overrides this prior.",national_prior_94pct_unlined
Ohio,Conesville,Conesville,No,https://conesvilleindustrialpark.com,Midwest,Bituminous,,,,,,,,1.0,regional_prior,"Regional prior only (USGS COALQUAL regional pattern, per US_Coal_Ash_Pond_Inventory.xlsx Read Me). Real plant-level EIA-860 coal type from census_data_towns_and_power_plants_1.xlsx is used instead wherever available and always overrides this prior.",national_prior_94pct_unlined
Ohio,General James M Gavin,Cheshire,No,http://gavinpowerccr.com/,Midwest,Bituminous,,,,,,,,,regional_prior,"Regional prior only (USGS COALQUAL regional pattern, per US_Coal_Ash_Pond_Inventory.xlsx Read Me). Real plant-level EIA-860 coal type from census_data_towns_and_power_plants_1.xlsx is used instead wherever available and always overrides this prior.",national_prior_94pct_unlined
Ohio,Hollow Rock,Jefferson County,No,https://www.etem.eco/,Midwest,Bituminous,,,,,,,,,regional_prior,"Regional prior only (USGS COALQUAL regional pattern, per US_Coal_Ash_Pond_Inventory.xlsx Read Me). Real plant-level EIA-860 coal type from census_data_towns_and_power_plants_1.xlsx is used instead wherever available and always overrides this prior.",national_prior_94pct_unlined
Ohio,J M Stuart,Aberdeen,No,https://www.ccrsites.com/stuart,Midwest,Bituminous,,,,,,,,5.0,regional_prior,"Regional prior only (USGS COALQUAL regional pattern, per US_Coal_Ash_Pond_Inventory.xlsx Read Me). Real plant-level EIA-860 coal type from census_data_towns_and_power_plants_1.xlsx is used instead wherever available and always overrides this prior.",national_prior_94pct_unlined
Ohio,Killen Station,Manchester,No,https://www.ccrsites.com/killen,Midwest,Bituminous,,,,,,,,2.0,regional_prior,"Regional prior only (USGS COALQUAL regional pattern, per US_Coal_Ash_Pond_Inventory.xlsx Read Me). Real plant-level EIA-860 coal type from census_data_towns_and_power_plants_1.xlsx is used instead wherever available and always overrides this prior.",national_prior_94pct_unlined
Ohio,Kyger Creek,Cheshire,No,https://www.ovec.com/CCRKyger.php,Midwest,Bituminous,,,,,,,,2.0,regional_prior,"Regional prior only (USGS COALQUAL regional pattern, per US_Coal_Ash_Pond_Inventory.xlsx Read Me). Real plant-level EIA-860 coal type from census_data_towns_and_power_plants_1.xlsx is used instead wherever available and always overrides this prior.",national_prior_94pct_unlined
Ohio,Miami Fort,North Bend,No,https://www.luminant.com/ccr/#miami-fort,Midwest,Bituminous,,,,,,,,2.0,regional_prior,"Regional prior only (USGS COALQUAL regional pattern, per US_Coal_Ash_Pond_Inventory.xlsx Read Me). Real plant-level EIA-860 coal type from census_data_towns_and_power_plants_1.xlsx is used instead wherever available and always overrides this prior.",national_prior_94pct_unlined
Ohio,Richmond Mill,Richmond,No,https://richmondmill.com/,Midwest,Bituminous,,,,,,,,,regional_prior,"Regional prior only (USGS COALQUAL regional pattern, per US_Coal_Ash_Pond_Inventory.xlsx Read Me). Real plant-level EIA-860 coal type from census_data_towns_and_power_plants_1.xlsx is used instead wherever available and always overrides this prior.",national_prior_94pct_unlined
Ohio,W H Sammis,Stratton,No,https://www.etem.eco/,Midwest,Bituminous,,,,,,,,,regional_prior,"Regional prior only (USGS COALQUAL regional pattern, per US_Coal_Ash_Pond_Inventory.xlsx Read Me). Real plant-level EIA-860 coal type from census_data_towns_and_power_plants_1.xlsx is used instead wherever available and always overrides this prior.",national_prior_94pct_unlined
Ohio,W H Zimmer,Moscow,No,https://www.luminant.com/ccr/#zimmer,Midwest,Bituminous,,,,,,,,1.0,regional_prior,"Regional prior only (USGS COALQUAL regional pattern, per US_Coal_Ash_Pond_Inventory.xlsx Read Me). Real plant-level EIA-860 coal type from census_data_towns_and_power_plants_1.xlsx is used instead wherever available and always overrides this prior.",national_prior_94pct_unlined
Oklahoma,Big Fork Ranch,Ponca City,Not indicated,https://evansandassociatesconstructioncompany.com/,South,Subbituminous,Retired / not in EIA-923,,"CCR (coal ash) land-disposal unit near Ponca City, not a generating plant itself",43625.0,58423.0,16.0,,,regional_prior,"Regional prior only (USGS COALQUAL regional pattern, per US_Coal_Ash_Pond_Inventory.xlsx Read Me). Real plant-level EIA-860 coal type from census_data_towns_and_power_plants_1.xlsx is used instead wherever available and always overrides this prior.",national_prior_94pct_unlined
Oklahoma,GRDA,Chouteau,Not indicated,https://grda.com/resources/ccr-rule-compliance-data/,South,Subbituminous,Subbituminous,N/A (no impoundment),,39604.0,60305.0,16.2,473232.0,,EIA-860 (matched),Matched to census_data_towns_and_power_plants_1.xlsx (EIA-860 2024).,matched
Oklahoma,Hugo,Fort Towson,Not indicated,https://www.wfec.com/ccr-rule,South,Subbituminous,Subbituminous,Yes (lined),Operating - in service,14297.0,44081.0,23.2,937863.0,4.0,EIA-860 (matched),Matched to census_data_towns_and_power_plants_1.xlsx (EIA-860 2024).,matched
Oklahoma,Muskogee,Fort Gibson,Not indicated,https://www.ogeenergy.com/coal-combustion,South,Subbituminous,Subbituminous,N/A (no impoundment),,66444.0,53619.0,19.1,325296.0,,EIA-860 (matched),Matched to census_data_towns_and_power_plants_1.xlsx (EIA-860 2024).,matched
Oklahoma,Northeastern,Oologah,Not indicated,https://www.aep.com/environment/ccr/northeastern/,South,Subbituminous,Subbituminous,No (unlined),Operating - in service,98610.0,80067.0,8.9,815719.0,,EIA-860 (matched),Matched to census_data_towns_and_power_plants_1.xlsx (EIA-860 2024).,matched
Oregon,Boardman,Boardman,Not indicated,https://portlandgeneral.com/ccr-rule-compliance-data-information,West,Subbituminous,,,,,,,,,regional_prior,"Regional prior only (USGS COALQUAL regional pattern, per US_Coal_Ash_Pond_Inventory.xlsx Read Me). Real plant-level EIA-860 coal type from census_data_towns_and_power_plants_1.xlsx is used instead wherever available and always overrides this prior.",national_prior_94pct_unlined
Pennsylvania,Former Armstrong Power Station,Reesedale,Potential (1),http://ccrdocs.firstenergycorp.com/files/Legacy%20CCR%20Sites/Armstrong/,Northeast,Bituminous,,,,,,,,,regional_prior,"Regional prior only (USGS COALQUAL regional pattern, per US_Coal_Ash_Pond_Inventory.xlsx Read Me). Real plant-level EIA-860 coal type from census_data_towns_and_power_plants_1.xlsx is used instead wherever available and always overrides this prior.",national_prior_94pct_unlined
Pennsylvania,Former Milesburg Power Station,Bellefonte,Yes (1),http://ccrdocs.firstenergycorp.com/files/Legacy%20CCR%20Sites/Milesburg/,Northeast,Bituminous,,,,,,,,,regional_prior,"Regional prior only (USGS COALQUAL regional pattern, per US_Coal_Ash_Pond_Inventory.xlsx Read Me). Real plant-level EIA-860 coal type from census_data_towns_and_power_plants_1.xlsx is used instead wherever available and always overrides this prior.",national_prior_94pct_unlined
Pennsylvania,Former Springdale Power Station,Springdale,Potential (2),http://ccrdocs.firstenergycorp.com/files/Legacy%20CCR%20Sites/Springdale/,Northeast,Bituminous,,,,,,,,,regional_prior,"Regional prior only (USGS COALQUAL regional pattern, per US_Coal_Ash_Pond_Inventory.xlsx Read Me). Real plant-level EIA-860 coal type from census_data_towns_and_power_plants_1.xlsx is used instead wherever available and always overrides this prior.",national_prior_94pct_unlined
Pennsylvania,Bruce Mansfield,Shippingport,No,https://www.lbracquisitioncompany.com/,Northeast,Bituminous,,,,,,,,5.0,regional_prior,"Regional prior only (USGS COALQUAL regional pattern, per US_Coal_Ash_Pond_Inventory.xlsx Read Me). Real plant-level EIA-860 coal type from census_data_towns_and_power_plants_1.xlsx is used instead wherever available and always overrides this prior.",national_prior_94pct_unlined
Pennsylvania,Brunner Island,York Haven,No,https://www.talenenergy.com/ccr-brunner-island/,Northeast,Bituminous,,,,,,,,,regional_prior,"Regional prior only (USGS COALQUAL regional pattern, per US_Coal_Ash_Pond_Inventory.xlsx Read Me). Real plant-level EIA-860 coal type from census_data_towns_and_power_plants_1.xlsx is used instead wherever available and always overrides this prior.",national_prior_94pct_unlined
Pennsylvania,Cheswick Power Plant,Cheswick,No,https://cperg-ccrrule.com/,Northeast,Bituminous,,,,,,,,2.0,regional_prior,"Regional prior only (USGS COALQUAL regional pattern, per US_Coal_Ash_Pond_Inventory.xlsx Read Me). Real plant-level EIA-860 coal type from census_data_towns_and_power_plants_1.xlsx is used instead wherever available and always overrides this prior.",national_prior_94pct_unlined
Pennsylvania,Conemaugh,New Florence,No,http://ccr.keyconops.com/,Northeast,Bituminous,,,,,,,,2.0,regional_prior,"Regional prior only (USGS COALQUAL regional pattern, per US_Coal_Ash_Pond_Inventory.xlsx Read Me). Real plant-level EIA-860 coal type from census_data_towns_and_power_plants_1.xlsx is used instead wherever available and always overrides this prior.",national_prior_94pct_unlined
Pennsylvania,Hatfield's Ferry Power Station,Masontown,No,https://www.lawrencevilleacquisitioncompanyllc.com/,Northeast,Bituminous,,,,,,,,2.0,regional_prior,"Regional prior only (USGS COALQUAL regional pattern, per US_Coal_Ash_Pond_Inventory.xlsx Read Me). Real plant-level EIA-860 coal type from census_data_towns_and_power_plants_1.xlsx is used instead wherever available and always overrides this prior.",national_prior_94pct_unlined
Pennsylvania,Homer City Station,Homer City,No,https://www.homercitygenerationccr.com/,Northeast,Bituminous,,,,,,,,14.0,regional_prior,"Regional prior only (USGS COALQUAL regional pattern, per US_Coal_Ash_Pond_Inventory.xlsx Read Me). Real plant-level EIA-860 coal type from census_data_towns_and_power_plants_1.xlsx is used instead wherever available and always overrides this prior.",national_prior_94pct_unlined
Pennsylvania,Keystone,Shelocta,No,http://ccr.keyconops.com/,Northeast,Bituminous,,,,,,,,2.0,regional_prior,"Regional prior only (USGS COALQUAL regional pattern, per US_Coal_Ash_Pond_Inventory.xlsx Read Me). Real plant-level EIA-860 coal type from census_data_towns_and_power_plants_1.xlsx is used instead wherever available and always overrides this prior.",national_prior_94pct_unlined
Pennsylvania,Montour,Washingtonville,No,https://www.talenenergy.com/ccr-montour/,Northeast,Bituminous,,,,,,,,,regional_prior,"Regional prior only (USGS COALQUAL regional pattern, per US_Coal_Ash_Pond_Inventory.xlsx Read Me). Real plant-level EIA-860 coal type from census_data_towns_and_power_plants_1.xlsx is used instead wherever available and always overrides this prior.",national_prior_94pct_unlined
Pennsylvania,New Castle Plant,West Pittsburg,No,https://newcastlepower.com/,Northeast,Bituminous,,,,,,,,,regional_prior,"Regional prior only (USGS COALQUAL regional pattern, per US_Coal_Ash_Pond_Inventory.xlsx Read Me). Real plant-level EIA-860 coal type from census_data_towns_and_power_plants_1.xlsx is used instead wherever available and always overrides this prior.",national_prior_94pct_unlined
Pennsylvania,Sunbury Generation,Shamokin Dam,No,Not listed,Northeast,Bituminous,,,,,,,,,regional_prior,"Regional prior only (USGS COALQUAL regional pattern, per US_Coal_Ash_Pond_Inventory.xlsx Read Me). Real plant-level EIA-860 coal type from census_data_towns_and_power_plants_1.xlsx is used instead wherever available and always overrides this prior.",national_prior_94pct_unlined
Puerto Rico,AES Puerto Rico,Guayama,Not indicated,https://aespuertorico.com/ccr/,Unknown,,,,,,,,,,regional_prior,"Regional prior only (USGS COALQUAL regional pattern, per US_Coal_Ash_Pond_Inventory.xlsx Read Me). Real plant-level EIA-860 coal type from census_data_towns_and_power_plants_1.xlsx is used instead wherever available and always overrides this prior.",national_prior_94pct_unlined
South Carolina,Canadys Power Station,Walterboro,Yes (3),https://www.dominionenergy.com/ccr,South,Subbituminous,,,,,,,,,regional_prior,"Regional prior only (USGS COALQUAL regional pattern, per US_Coal_Ash_Pond_Inventory.xlsx Read Me). Real plant-level EIA-860 coal type from census_data_towns_and_power_plants_1.xlsx is used instead wherever available and always overrides this prior.",national_prior_94pct_unlined
South Carolina,Grainger Generating Station,Conway,Yes (2),https://www.santeecooper.com/about/ccr-data-rule/grainger/,South,Subbituminous,,,,,,,,,regional_prior,"Regional prior only (USGS COALQUAL regional pattern, per US_Coal_Ash_Pond_Inventory.xlsx Read Me). Real plant-level EIA-860 coal type from census_data_towns_and_power_plants_1.xlsx is used instead wherever available and always overrides this prior.",national_prior_94pct_unlined
South Carolina,Jefferies Generating Station,Moncks Corner,Yes (1),https://www.santeecooper.com/about/ccr-data-rule/jefferies/,South,Subbituminous,,,,,,,,2.0,regional_prior,"Regional prior only (USGS COALQUAL regional pattern, per US_Coal_Ash_Pond_Inventory.xlsx Read Me). Real plant-level EIA-860 coal type from census_data_towns_and_power_plants_1.xlsx is used instead wherever available and always overrides this prior.",national_prior_94pct_unlined
South Carolina,Cope,Cope,No,https://www.dominionenergy.com/ccr,South,Subbituminous,,,,,,,,,regional_prior,"Regional prior only (USGS COALQUAL regional pattern, per US_Coal_Ash_Pond_Inventory.xlsx Read Me). Real plant-level EIA-860 coal type from census_data_towns_and_power_plants_1.xlsx is used instead wherever available and always overrides this prior.",national_prior_94pct_unlined
South Carolina,Cross,Cross,No,https://www.santeecooper.com/About/CCR-Data-Rule/Cross/Index.aspx,South,Subbituminous,,,,,,,,3.0,regional_prior,"Regional prior only (USGS COALQUAL regional pattern, per US_Coal_Ash_Pond_Inventory.xlsx Read Me). Real plant-level EIA-860 coal type from census_data_towns_and_power_plants_1.xlsx is used instead wherever available and always overrides this prior.",national_prior_94pct_unlined
South Carolina,H B Robinson,Hartsville,No,https://www.duke-energy.com/our-company/environment/compliance-and-reporting/ccr-rule-compliance-data,South,Subbituminous,,,,,,,,1.0,regional_prior,"Regional prior only (USGS COALQUAL regional pattern, per US_Coal_Ash_Pond_Inventory.xlsx Read Me). Real plant-level EIA-860 coal type from census_data_towns_and_power_plants_1.xlsx is used instead wherever available and always overrides this prior.",national_prior_94pct_unlined
South Carolina,Wateree,Eastover,No,https://www.dominionenergy.com/ccr,South,Subbituminous,,,,,,,,2.0,regional_prior,"Regional prior only (USGS COALQUAL regional pattern, per US_Coal_Ash_Pond_Inventory.xlsx Read Me). Real plant-level EIA-860 coal type from census_data_towns_and_power_plants_1.xlsx is used instead wherever available and always overrides this prior.",national_prior_94pct_unlined
South Carolina,Williams,Goose Creek,No,https://www.dominionenergy.com/ccr,South,Subbituminous,,,,,,,,,regional_prior,"Regional prior only (USGS COALQUAL regional pattern, per US_Coal_Ash_Pond_Inventory.xlsx Read Me). Real plant-level EIA-860 coal type from census_data_towns_and_power_plants_1.xlsx is used instead wherever available and always overrides this prior.",national_prior_94pct_unlined
South Carolina,Winyah,Georgetown,No,https://www.santeecooper.com/About/CCR-Data-Rule/Winyah/Index.aspx,South,Subbituminous,,,,,,,,6.0,regional_prior,"Regional prior only (USGS COALQUAL regional pattern, per US_Coal_Ash_Pond_Inventory.xlsx Read Me). Real plant-level EIA-860 coal type from census_data_towns_and_power_plants_1.xlsx is used instead wherever available and always overrides this prior.",national_prior_94pct_unlined
South Carolina,W S Lee,Williamston,No,https://www.duke-energy.com/our-company/environment/compliance-and-reporting/ccr-rule-compliance-data,South,Subbituminous,,,,,,,,2.0,regional_prior,"Regional prior only (USGS COALQUAL regional pattern, per US_Coal_Ash_Pond_Inventory.xlsx Read Me). Real plant-level EIA-860 coal type from census_data_towns_and_power_plants_1.xlsx is used instead wherever available and always overrides this prior.",national_prior_94pct_unlined
South Dakota,Ben French Power Station,Rapid City,Potential (1),https://www.blackhillsenergy.com/our-company/delivering-energy/coal-combustion-residuals-ccr-rule-compliance-data-and-information,Midwest,,,,,,,,,,regional_prior,"Regional prior only (USGS COALQUAL regional pattern, per US_Coal_Ash_Pond_Inventory.xlsx Read Me). Real plant-level EIA-860 coal type from census_data_towns_and_power_plants_1.xlsx is used instead wherever available and always overrides this prior.",national_prior_94pct_unlined
South Dakota,Former J.L. Lawrence Generating Plant,Sioux Falls,Potential (2),https://corporate.my.xcelenergy.com/s/energy/sources/coal/coal-ash-management,Midwest,,,,,,,,,,regional_prior,"Regional prior only (USGS COALQUAL regional pattern, per US_Coal_Ash_Pond_Inventory.xlsx Read Me). Real plant-level EIA-860 coal type from census_data_towns_and_power_plants_1.xlsx is used instead wherever available and always overrides this prior.",national_prior_94pct_unlined
South Dakota,Big Stone,Big Stone City,No,http://www.ccr-bsp.net/,Midwest,,,,,,,,,,regional_prior,"Regional prior only (USGS COALQUAL regional pattern, per US_Coal_Ash_Pond_Inventory.xlsx Read Me). Real plant-level EIA-860 coal type from census_data_towns_and_power_plants_1.xlsx is used instead wherever available and always overrides this prior.",national_prior_94pct_unlined
South Dakota,Angus Anson,Sioux Falls,Not indicated,https://corporate.my.xcelenergy.com/s/energy/sources/coal/coal-ash-management,Midwest,,,,,,,,,,regional_prior,"Regional prior only (USGS COALQUAL regional pattern, per US_Coal_Ash_Pond_Inventory.xlsx Read Me). Real plant-level EIA-860 coal type from census_data_towns_and_power_plants_1.xlsx is used instead wherever available and always overrides this prior.",national_prior_94pct_unlined
Tennessee,Allen Steam Plant,Memphis,Not indicated,https://www.tva.gov/Environment/Environmental-Stewardship/Coal-Combustion-Residuals,South,Bituminous,,,,,,,,,regional_prior,"Regional prior only (USGS COALQUAL regional pattern, per US_Coal_Ash_Pond_Inventory.xlsx Read Me). Real plant-level EIA-860 coal type from census_data_towns_and_power_plants_1.xlsx is used instead wherever available and always overrides this prior.",national_prior_94pct_unlined
Tennessee,Bull Run,Clinton,Not indicated,https://www.tva.gov/Environment/Environmental-Stewardship/Coal-Combustion-Residuals,South,Bituminous,,,,,,,,4.0,regional_prior,"Regional prior only (USGS COALQUAL regional pattern, per US_Coal_Ash_Pond_Inventory.xlsx Read Me). Real plant-level EIA-860 coal type from census_data_towns_and_power_plants_1.xlsx is used instead wherever available and always overrides this prior.",national_prior_94pct_unlined
Tennessee,Cumberland,Cumberland City,Not indicated,https://www.tva.gov/Environment/Environmental-Stewardship/Coal-Combustion-Residuals,South,Bituminous,,,,,,,,,regional_prior,"Regional prior only (USGS COALQUAL regional pattern, per US_Coal_Ash_Pond_Inventory.xlsx Read Me). Real plant-level EIA-860 coal type from census_data_towns_and_power_plants_1.xlsx is used instead wherever available and always overrides this prior.",national_prior_94pct_unlined
Tennessee,Gallatin,Gallatin,Not indicated,https://www.tva.gov/Environment/Environmental-Stewardship/Coal-Combustion-Residuals,South,Bituminous,,,,,,,,3.0,regional_prior,"Regional prior only (USGS COALQUAL regional pattern, per US_Coal_Ash_Pond_Inventory.xlsx Read Me). Real plant-level EIA-860 coal type from census_data_towns_and_power_plants_1.xlsx is used instead wherever available and always overrides this prior.",national_prior_94pct_unlined
Tennessee,John Sevier,Rogersville,Not indicated,https://www.tva.gov/Environment/Environmental-Stewardship/Coal-Combustion-Residuals,South,Bituminous,,,,,,,,2.0,regional_prior,"Regional prior only (USGS COALQUAL regional pattern, per US_Coal_Ash_Pond_Inventory.xlsx Read Me). Real plant-level EIA-860 coal type from census_data_towns_and_power_plants_1.xlsx is used instead wherever available and always overrides this prior.",national_prior_94pct_unlined
Tennessee,Johnsonville,New Johnsonville,Not indicated,https://www.tva.gov/Environment/Environmental-Stewardship/Coal-Combustion-Residuals,South,Bituminous,,,,,,,,1.0,regional_prior,"Regional prior only (USGS COALQUAL regional pattern, per US_Coal_Ash_Pond_Inventory.xlsx Read Me). Real plant-level EIA-860 coal type from census_data_towns_and_power_plants_1.xlsx is used instead wherever available and always overrides this prior.",national_prior_94pct_unlined
Tennessee,Kingston,Kingston,Not indicated,https://www.tva.gov/Environment/Environmental-Stewardship/Coal-Combustion-Residuals,South,Bituminous,,,,,,,,3.0,regional_prior,"Regional prior only (USGS COALQUAL regional pattern, per US_Coal_Ash_Pond_Inventory.xlsx Read Me). Real plant-level EIA-860 coal type from census_data_towns_and_power_plants_1.xlsx is used instead wherever available and always overrides this prior.",national_prior_94pct_unlined
Texas,Big Brown,Fairfield,Not indicated,https://www.ccrsites.com/big-brown,South,Lignite,Not currently coal-fired,Yes (lined),Operating - in service,20049.0,59960.0,12.3,,,regional_prior,"Regional prior only (USGS COALQUAL regional pattern, per US_Coal_Ash_Pond_Inventory.xlsx Read Me). Real plant-level EIA-860 coal type from census_data_towns_and_power_plants_1.xlsx is used instead wherever available and always overrides this prior.",matched
Texas,Calaveras Power Station,San Antonio,Not indicated,https://www.cpsenergy.com/en/about-us/environment/coal-combustion-residuals.html,South,Lignite,Not currently coal-fired,,,52781.0,94565.0,11.3,,,regional_prior,"Regional prior only (USGS COALQUAL regional pattern, per US_Coal_Ash_Pond_Inventory.xlsx Read Me). Real plant-level EIA-860 coal type from census_data_towns_and_power_plants_1.xlsx is used instead wherever available and always overrides this prior.",national_prior_94pct_unlined
Texas,Coleto Creek,Fannin,Not indicated,https://www.luminant.com/ccr/texas/,South,Subbituminous,Subbituminous,Yes (lined),Operating - in service,7141.0,59359.0,13.0,1631149.0,2.0,EIA-860 (matched),Matched to census_data_towns_and_power_plants_1.xlsx (EIA-860 2024).,matched
Texas,Fayette Power Project,La Grange,Not indicated,https://www.lcra.org/energy/electric-power/facilities/fayette-power-project/,South,Subbituminous,"Refined coal,Subbituminous",N/A (no impoundment),,25042.0,75854.0,8.6,4695933.0,2.0,EIA-860 (matched),Matched to census_data_towns_and_power_plants_1.xlsx (EIA-860 2024).,matched
Texas,Gibbons Creek,Anderson,Not indicated,https://gcerg-ccrrule.com,South,Lignite,Retired / not in EIA-923,,"Retired coal plant, operated 1982-2018",31340.0,69803.0,14.6,,,regional_prior,"Regional prior only (USGS COALQUAL regional pattern, per US_Coal_Ash_Pond_Inventory.xlsx Read Me). Real plant-level EIA-860 coal type from census_data_towns_and_power_plants_1.xlsx is used instead wherever available and always overrides this prior.",national_prior_94pct_unlined
Texas,Harrington,Potter County,Not indicated,https://corporate.my.xcelenergy.com/s/energy/sources/coal/coal-ash-management,South,Subbituminous,Subbituminous,N/A (no impoundment),,115975.0,53249.0,20.8,1353694.0,,EIA-860 (matched),Matched to census_data_towns_and_power_plants_1.xlsx (EIA-860 2024).,matched
Texas,Jones,Lubbock,Not indicated,https://corporate.my.xcelenergy.com/s/energy/sources/coal/coal-ash-management,South,Lignite,Not currently coal-fired,N/A (no impoundment),,318884.0,64155.0,17.1,,,regional_prior,"Regional prior only (USGS COALQUAL regional pattern, per US_Coal_Ash_Pond_Inventory.xlsx Read Me). Real plant-level EIA-860 coal type from census_data_towns_and_power_plants_1.xlsx is used instead wherever available and always overrides this prior.",matched
Texas,Limestone,Jewett,Not indicated,https://www.nrg.com/legal/coal-combustion-residuals.html,South,Subbituminous,"Lignite,Subbituminous",Yes (lined),Operating - in service,22283.0,60573.0,17.1,3622051.0,,EIA-860 (matched),Matched to census_data_towns_and_power_plants_1.xlsx (EIA-860 2024).,matched
Texas,Martin Lake,Tatum,Not indicated,https://www.luminant.com/ccr/texas/,South,Subbituminous,"Lignite,Subbituminous",Yes (lined),Operating - in service,52842.0,68658.0,14.4,6949150.0,,EIA-860 (matched),Matched to census_data_towns_and_power_plants_1.xlsx (EIA-860 2024).,matched
Texas,Monticello,Mount Pleasant,Not indicated,https://www.ccrsites.com/monticello,South,Lignite,Not currently coal-fired,Yes (lined),Operating - in service,31363.0,58425.0,17.1,,,regional_prior,"Regional prior only (USGS COALQUAL regional pattern, per US_Coal_Ash_Pond_Inventory.xlsx Read Me). Real plant-level EIA-860 coal type from census_data_towns_and_power_plants_1.xlsx is used instead wherever available and always overrides this prior.",matched
Texas,Nichols,Amarillo,Not indicated,https://corporate.my.xcelenergy.com/s/energy/sources/coal/coal-ash-management,South,Lignite,Not currently coal-fired,N/A (no impoundment),,115975.0,53249.0,20.8,,,regional_prior,"Regional prior only (USGS COALQUAL regional pattern, per US_Coal_Ash_Pond_Inventory.xlsx Read Me). Real plant-level EIA-860 coal type from census_data_towns_and_power_plants_1.xlsx is used instead wherever available and always overrides this prior.",matched
Texas,Oak Grove,Franklin,Not indicated,https://www.luminant.com/ccr/texas/,South,Lignite,Lignite,N/A (no impoundment),,17167.0,72236.0,13.5,8836210.0,,EIA-860 (matched),Matched to census_data_towns_and_power_plants_1.xlsx (EIA-860 2024).,matched
Texas,Oklaunion,Oklaunion,Not indicated,https://oklaunionindustrialpark.com/ccr/,South,Lignite,Retired / not in EIA-923,,Retired coal plant (2020),12616.0,54102.0,17.5,,,regional_prior,"Regional prior only (USGS COALQUAL regional pattern, per US_Coal_Ash_Pond_Inventory.xlsx Read Me). Real plant-level EIA-860 coal type from census_data_towns_and_power_plants_1.xlsx is used instead wherever available and always overrides this prior.",national_prior_94pct_unlined
Texas,Pirkey,Hallsville,Not indicated,https://www.aep.com/environment/ccr/pirkey/,South,Lignite,Not currently coal-fired,No (unlined),Operating - in service,70155.0,66103.0,15.6,,,regional_prior,"Regional prior only (USGS COALQUAL regional pattern, per US_Coal_Ash_Pond_Inventory.xlsx Read Me). Real plant-level EIA-860 coal type from census_data_towns_and_power_plants_1.xlsx is used instead wherever available and always overrides this prior.",matched
Texas,Plant X,Lamb County,Not indicated,https://corporate.my.xcelenergy.com/s/energy/sources/coal/coal-ash-management,South,Lignite,Not currently coal-fired,N/A (no impoundment),,12828.0,60760.0,15.0,,,regional_prior,"Regional prior only (USGS COALQUAL regional pattern, per US_Coal_Ash_Pond_Inventory.xlsx Read Me). Real plant-level EIA-860 coal type from census_data_towns_and_power_plants_1.xlsx is used instead wherever available and always overrides this prior.",matched
Texas,San Miguel,Christine,Not indicated,http://www.smeci.net/ccr-rule,South,Lignite,Lignite,Yes (lined),Operating - in service,51008.0,70770.0,15.8,1652875.0,,EIA-860 (matched),Matched to census_data_towns_and_power_plants_1.xlsx (EIA-860 2024).,matched
Texas,Sandow 5 Generating Plant,Rockdale,Not indicated,https://www.slrccr.com/,South,Lignite,Not currently coal-fired,N/A (no impoundment),,25567.0,66141.0,12.9,,,regional_prior,"Regional prior only (USGS COALQUAL regional pattern, per US_Coal_Ash_Pond_Inventory.xlsx Read Me). Real plant-level EIA-860 coal type from census_data_towns_and_power_plants_1.xlsx is used instead wherever available and always overrides this prior.",matched
Texas,Sandy Creek Energy Station,Riesel,Not indicated,https://www.sandycreekpower.net,South,Subbituminous,Subbituminous,N/A (no impoundment),,266067.0,66643.0,16.6,1734007.0,,EIA-860 (matched),Matched to census_data_towns_and_power_plants_1.xlsx (EIA-860 2024).,matched
Texas,Tolk,Earth,Not indicated,https://corporate.my.xcelenergy.com/s/energy/sources/coal/coal-ash-management,South,Subbituminous,Subbituminous,N/A (no impoundment),,12828.0,60760.0,15.0,1090404.0,,EIA-860 (matched),Matched to census_data_towns_and_power_plants_1.xlsx (EIA-860 2024).,matched
Texas,Twin Oaks Power One,Bremond,Not indicated,https://twinoaksccr.com/,South,Lignite,Retired / not in EIA-923,,"Former coal plant, site being redeveloped for solar",17167.0,72236.0,13.5,,,regional_prior,"Regional prior only (USGS COALQUAL regional pattern, per US_Coal_Ash_Pond_Inventory.xlsx Read Me). Real plant-level EIA-860 coal type from census_data_towns_and_power_plants_1.xlsx is used instead wherever available and always overrides this prior.",national_prior_94pct_unlined
Texas,W A Parish,Thompsons,Not indicated,https://www.nrg.com/legal/coal-combustion-residuals.html,South,Subbituminous,Subbituminous,N/A (no impoundment),,893767.0,114041.0,7.6,6931117.0,,EIA-860 (matched),Matched to census_data_towns_and_power_plants_1.xlsx (EIA-860 2024).,matched
Texas,Welsh,Pittsburg,Not indicated,https://www.aep.com/environment/ccr/welsh/,South,Subbituminous,Subbituminous,No (unlined),Operating - in service,31363.0,58425.0,17.1,2918649.0,,EIA-860 (matched),Matched to census_data_towns_and_power_plants_1.xlsx (EIA-860 2024).,matched
Utah,Bonanza,Vernal,Not indicated,https://apps.deseretpower.com/apex/f?p=500:40:30266826802551,West,Subbituminous,,,,,,,,,regional_prior,"Regional prior only (USGS COALQUAL regional pattern, per US_Coal_Ash_Pond_Inventory.xlsx Read Me). Real plant-level EIA-860 coal type from census_data_towns_and_power_plants_1.xlsx is used instead wherever available and always overrides this prior.",national_prior_94pct_unlined
Utah,Hunter,Castle Dale,Not indicated,https://www.pacificorp.com/environment/environmental-applications-compliance.html,West,Subbituminous,,,,,,,,2.0,regional_prior,"Regional prior only (USGS COALQUAL regional pattern, per US_Coal_Ash_Pond_Inventory.xlsx Read Me). Real plant-level EIA-860 coal type from census_data_towns_and_power_plants_1.xlsx is used instead wherever available and always overrides this prior.",national_prior_94pct_unlined
Utah,Huntington,Huntington,Not indicated,https://www.pacificorp.com/environment/environmental-applications-compliance.html,West,Subbituminous,,,,,,,,,regional_prior,"Regional prior only (USGS COALQUAL regional pattern, per US_Coal_Ash_Pond_Inventory.xlsx Read Me). Real plant-level EIA-860 coal type from census_data_towns_and_power_plants_1.xlsx is used instead wherever available and always overrides this prior.",national_prior_94pct_unlined
Utah,Intermountain Power Project (Station),Delta,Not indicated,https://ipscenvironmental.weebly.com/,West,Subbituminous,,,,,,,,6.0,regional_prior,"Regional prior only (USGS COALQUAL regional pattern, per US_Coal_Ash_Pond_Inventory.xlsx Read Me). Real plant-level EIA-860 coal type from census_data_towns_and_power_plants_1.xlsx is used instead wherever available and always overrides this prior.",national_prior_94pct_unlined
Utah,Sunnyside Cogen Associates,Sunnyside,Not indicated,Not listed,West,Subbituminous,,,,,,,,,regional_prior,"Regional prior only (USGS COALQUAL regional pattern, per US_Coal_Ash_Pond_Inventory.xlsx Read Me). Real plant-level EIA-860 coal type from census_data_towns_and_power_plants_1.xlsx is used instead wherever available and always overrides this prior.",national_prior_94pct_unlined
Virginia,Former Riverton Power Station,Front Royal,Potential (3),http://ccrdocs.firstenergycorp.com/files/Legacy%20CCR%20Sites/Riverton/,South,Bituminous,,,,,,,,,regional_prior,"Regional prior only (USGS COALQUAL regional pattern, per US_Coal_Ash_Pond_Inventory.xlsx Read Me). Real plant-level EIA-860 coal type from census_data_towns_and_power_plants_1.xlsx is used instead wherever available and always overrides this prior.",national_prior_94pct_unlined
Virginia,Glen Lyn Plant Site,Glen Lyn,Yes (2),https://www.aep.com/environment/ccr/GlenLyn,South,Bituminous,,,,,,,,,regional_prior,"Regional prior only (USGS COALQUAL regional pattern, per US_Coal_Ash_Pond_Inventory.xlsx Read Me). Real plant-level EIA-860 coal type from census_data_towns_and_power_plants_1.xlsx is used instead wherever available and always overrides this prior.",national_prior_94pct_unlined
Virginia,Bremo Bluff,Bremo Bluff,No,https://www.dominionenergy.com/ccr,South,Bituminous,,,,,,,,2.0,regional_prior,"Regional prior only (USGS COALQUAL regional pattern, per US_Coal_Ash_Pond_Inventory.xlsx Read Me). Real plant-level EIA-860 coal type from census_data_towns_and_power_plants_1.xlsx is used instead wherever available and always overrides this prior.",national_prior_94pct_unlined
Virginia,Chesapeake,Chesapeake,No,https://www.dominionenergy.com/ccr,South,Bituminous,,,,,,,,,regional_prior,"Regional prior only (USGS COALQUAL regional pattern, per US_Coal_Ash_Pond_Inventory.xlsx Read Me). Real plant-level EIA-860 coal type from census_data_towns_and_power_plants_1.xlsx is used instead wherever available and always overrides this prior.",national_prior_94pct_unlined
Virginia,Chesterfield,Chester,No,https://www.dominionenergy.com/ccr,South,Bituminous,,,,,,,,2.0,regional_prior,"Regional prior only (USGS COALQUAL regional pattern, per US_Coal_Ash_Pond_Inventory.xlsx Read Me). Real plant-level EIA-860 coal type from census_data_towns_and_power_plants_1.xlsx is used instead wherever available and always overrides this prior.",national_prior_94pct_unlined
Virginia,Clinch River,Cleveland,No,https://www.aep.com/environment/ccr/clinchriver/,South,Bituminous,,,,,,,,,regional_prior,"Regional prior only (USGS COALQUAL regional pattern, per US_Coal_Ash_Pond_Inventory.xlsx Read Me). Real plant-level EIA-860 coal type from census_data_towns_and_power_plants_1.xlsx is used instead wherever available and always overrides this prior.",national_prior_94pct_unlined
Virginia,Clover,Clover,No,https://www.dominionenergy.com/ccr,South,Bituminous,,,,,,,,,regional_prior,"Regional prior only (USGS COALQUAL regional pattern, per US_Coal_Ash_Pond_Inventory.xlsx Read Me). Real plant-level EIA-860 coal type from census_data_towns_and_power_plants_1.xlsx is used instead wherever available and always overrides this prior.",national_prior_94pct_unlined
Virginia,Possum Point,Dumfries,No,https://www.dominionenergy.com/ccr,South,Bituminous,,,,,,,,2.0,regional_prior,"Regional prior only (USGS COALQUAL regional pattern, per US_Coal_Ash_Pond_Inventory.xlsx Read Me). Real plant-level EIA-860 coal type from census_data_towns_and_power_plants_1.xlsx is used instead wherever available and always overrides this prior.",national_prior_94pct_unlined
Virginia,Virginia City Hybrid Energy Center,St. Paul,No,https://www.dominionenergy.com/ccr,South,Bituminous,,,,,,,,,regional_prior,"Regional prior only (USGS COALQUAL regional pattern, per US_Coal_Ash_Pond_Inventory.xlsx Read Me). Real plant-level EIA-860 coal type from census_data_towns_and_power_plants_1.xlsx is used instead wherever available and always overrides this prior.",national_prior_94pct_unlined
Virginia,Yorktown,Yorktown,No,https://www.dominionenergy.com/ccr,South,Bituminous,,,,,,,,,regional_prior,"Regional prior only (USGS COALQUAL regional pattern, per US_Coal_Ash_Pond_Inventory.xlsx Read Me). Real plant-level EIA-860 coal type from census_data_towns_and_power_plants_1.xlsx is used instead wherever available and always overrides this prior.",national_prior_94pct_unlined
Washington,TransAlta Centralia Generation,Centralia,Not indicated,https://transalta.com/about-us/our-operations/facilities/centralia/,West,Subbituminous,,,,,,,,,regional_prior,"Regional prior only (USGS COALQUAL regional pattern, per US_Coal_Ash_Pond_Inventory.xlsx Read Me). Real plant-level EIA-860 coal type from census_data_towns_and_power_plants_1.xlsx is used instead wherever available and always overrides this prior.",national_prior_94pct_unlined
West Virginia,Cabin Creek Site,Cabin Creek,Yes (1),https://www.aep.com/environment/ccr/CabinCreek,South,Bituminous,,,,,,,,,regional_prior,"Regional prior only (USGS COALQUAL regional pattern, per US_Coal_Ash_Pond_Inventory.xlsx Read Me). Real plant-level EIA-860 coal type from census_data_towns_and_power_plants_1.xlsx is used instead wherever available and always overrides this prior.",national_prior_94pct_unlined
West Virginia,Kammer Site,Moundsville,Yes (2),https://www.aep.com/environment/ccr/Kammer,South,Bituminous,,,,,,,,,regional_prior,"Regional prior only (USGS COALQUAL regional pattern, per US_Coal_Ash_Pond_Inventory.xlsx Read Me). Real plant-level EIA-860 coal type from census_data_towns_and_power_plants_1.xlsx is used instead wherever available and always overrides this prior.",national_prior_94pct_unlined
West Virginia,Kanawha River Plant Site,Glasgow,Yes (2),https://www.aep.com/environment/ccr/KanawhaRiver,South,Bituminous,,,,,,,,,regional_prior,"Regional prior only (USGS COALQUAL regional pattern, per US_Coal_Ash_Pond_Inventory.xlsx Read Me). Real plant-level EIA-860 coal type from census_data_towns_and_power_plants_1.xlsx is used instead wherever available and always overrides this prior.",national_prior_94pct_unlined
West Virginia,Former Phillip Sporn Generating Plant,Letart,Yes (2),https://newhavenindustrialpark.com/environmental/,South,Bituminous,,,,,,,,,regional_prior,"Regional prior only (USGS COALQUAL regional pattern, per US_Coal_Ash_Pond_Inventory.xlsx Read Me). Real plant-level EIA-860 coal type from census_data_towns_and_power_plants_1.xlsx is used instead wherever available and always overrides this prior.",national_prior_94pct_unlined
West Virginia,Former R. Paul Smith Power Station,Falling Waters,Yes (2),http://ccrdocs.firstenergycorp.com/files/Legacy%20CCR%20Sites/R.%20Paul%20Smith/,South,Bituminous,,,,,,,,,regional_prior,"Regional prior only (USGS COALQUAL regional pattern, per US_Coal_Ash_Pond_Inventory.xlsx Read Me). Real plant-level EIA-860 coal type from census_data_towns_and_power_plants_1.xlsx is used instead wherever available and always overrides this prior.",national_prior_94pct_unlined
West Virginia,John E Amos,St Albans,No,https://www.aep.com/environment/ccr/amos/,South,Bituminous,,,,,,,,2.0,regional_prior,"Regional prior only (USGS COALQUAL regional pattern, per US_Coal_Ash_Pond_Inventory.xlsx Read Me). Real plant-level EIA-860 coal type from census_data_towns_and_power_plants_1.xlsx is used instead wherever available and always overrides this prior.",national_prior_94pct_unlined
West Virginia,FirstEnergy Fort Martin Power Station,Maidsville,No,https://ccrdocs.firstenergycorp.com/files/CCR%20Landfills/Fort%20Martin%20Landfill/,South,Bituminous,,,,,,,,,regional_prior,"Regional prior only (USGS COALQUAL regional pattern, per US_Coal_Ash_Pond_Inventory.xlsx Read Me). Real plant-level EIA-860 coal type from census_data_towns_and_power_plants_1.xlsx is used instead wherever available and always overrides this prior.",national_prior_94pct_unlined
West Virginia,FirstEnergy Harrison Power Station,Haywood,No,https://ccrdocs.firstenergycorp.com/files/CCR%20Landfills/Harrison%20Landfill/,South,Bituminous,,,,,,,,,regional_prior,"Regional prior only (USGS COALQUAL regional pattern, per US_Coal_Ash_Pond_Inventory.xlsx Read Me). Real plant-level EIA-860 coal type from census_data_towns_and_power_plants_1.xlsx is used instead wherever available and always overrides this prior.",national_prior_94pct_unlined
West Virginia,Mitchell (WV),Captina,No,https://www.aep.com/environment/ccr/mitchell/,South,Bituminous,,,,,,,,,regional_prior,"Regional prior only (USGS COALQUAL regional pattern, per US_Coal_Ash_Pond_Inventory.xlsx Read Me). Real plant-level EIA-860 coal type from census_data_towns_and_power_plants_1.xlsx is used instead wherever available and always overrides this prior.",national_prior_94pct_unlined
West Virginia,Mountaineer,New Haven,No,https://www.aep.com/environment/ccr/mountaineer/,South,Bituminous,,,,,,,,1.0,regional_prior,"Regional prior only (USGS COALQUAL regional pattern, per US_Coal_Ash_Pond_Inventory.xlsx Read Me). Real plant-level EIA-860 coal type from census_data_towns_and_power_plants_1.xlsx is used instead wherever available and always overrides this prior.",national_prior_94pct_unlined
West Virginia,Mt. Storm,Mount Storm,No,https://www.dominionenergy.com/ccr,South,Bituminous,,,,,,,,,regional_prior,"Regional prior only (USGS COALQUAL regional pattern, per US_Coal_Ash_Pond_Inventory.xlsx Read Me). Real plant-level EIA-860 coal type from census_data_towns_and_power_plants_1.xlsx is used instead wherever available and always overrides this prior.",national_prior_94pct_unlined
West Virginia,Pleasants Power Station,Willow Island,No,https://www.pleasantsacquisitioncompany.com/,South,Bituminous,,,,,,,,,regional_prior,"Regional prior only (USGS COALQUAL regional pattern, per US_Coal_Ash_Pond_Inventory.xlsx Read Me). Real plant-level EIA-860 coal type from census_data_towns_and_power_plants_1.xlsx is used instead wherever available and always overrides this prior.",national_prior_94pct_unlined
Wisconsin,Former Rock River Generating Station,Beloit,Yes (1),https://ccr.alliantenergy.com/rockriver,Midwest,Subbituminous,,,,,,,,,regional_prior,"Regional prior only (USGS COALQUAL regional pattern, per US_Coal_Ash_Pond_Inventory.xlsx Read Me). Real plant-level EIA-860 coal type from census_data_towns_and_power_plants_1.xlsx is used instead wherever available and always overrides this prior.",national_prior_94pct_unlined
Wisconsin,Alma,Alma,No,https://www.dairylandpower.com/ccr-rule-compliance-data-and-information,Midwest,Subbituminous,,,,,,,,,regional_prior,"Regional prior only (USGS COALQUAL regional pattern, per US_Coal_Ash_Pond_Inventory.xlsx Read Me). Real plant-level EIA-860 coal type from census_data_towns_and_power_plants_1.xlsx is used instead wherever available and always overrides this prior.",national_prior_94pct_unlined
Wisconsin,Caledonia,Caledonia,No,https://www.we-energies.com/environment/coal-combustion,Midwest,Subbituminous,,,,,,,,,regional_prior,"Regional prior only (USGS COALQUAL regional pattern, per US_Coal_Ash_Pond_Inventory.xlsx Read Me). Real plant-level EIA-860 coal type from census_data_towns_and_power_plants_1.xlsx is used instead wherever available and always overrides this prior.",national_prior_94pct_unlined
Wisconsin,Columbia (WI),Pardeeville,No,https://ccr.alliantenergy.com/Columbia,Midwest,Subbituminous,,,,,,,,,regional_prior,"Regional prior only (USGS COALQUAL regional pattern, per US_Coal_Ash_Pond_Inventory.xlsx Read Me). Real plant-level EIA-860 coal type from census_data_towns_and_power_plants_1.xlsx is used instead wherever available and always overrides this prior.",national_prior_94pct_unlined
Wisconsin,Edgewater,Sheboygan,No,https://ccr.alliantenergy.com/Edgewater,Midwest,Subbituminous,,,,,,,,,regional_prior,"Regional prior only (USGS COALQUAL regional pattern, per US_Coal_Ash_Pond_Inventory.xlsx Read Me). Real plant-level EIA-860 coal type from census_data_towns_and_power_plants_1.xlsx is used instead wherever available and always overrides this prior.",national_prior_94pct_unlined
Wisconsin,Nelson Dewey,Cassville,No,https://ccr.alliantenergy.com/NelsonDewey,Midwest,Subbituminous,,,,,,,,,regional_prior,"Regional prior only (USGS COALQUAL regional pattern, per US_Coal_Ash_Pond_Inventory.xlsx Read Me). Real plant-level EIA-860 coal type from census_data_towns_and_power_plants_1.xlsx is used instead wherever available and always overrides this prior.",national_prior_94pct_unlined
Wisconsin,Pleasant Prairie,Pleasant Prairie,No,https://www.we-energies.com/environment/coal-combustion,Midwest,Subbituminous,,,,,,,,,regional_prior,"Regional prior only (USGS COALQUAL regional pattern, per US_Coal_Ash_Pond_Inventory.xlsx Read Me). Real plant-level EIA-860 coal type from census_data_towns_and_power_plants_1.xlsx is used instead wherever available and always overrides this prior.",national_prior_94pct_unlined
Wisconsin,Weston,Rothschild,No,https://www.wisconsinpublicservice.com/company/ccr,Midwest,Subbituminous,,,,,,,,4.0,regional_prior,"Regional prior only (USGS COALQUAL regional pattern, per US_Coal_Ash_Pond_Inventory.xlsx Read Me). Real plant-level EIA-860 coal type from census_data_towns_and_power_plants_1.xlsx is used instead wherever available and always overrides this prior.",national_prior_94pct_unlined
Wisconsin,Bay Front,Ashland,Not indicated,https://corporate.my.xcelenergy.com/s/energy/sources/coal/coal-ash-management,Midwest,Subbituminous,,,,,,,,,regional_prior,"Regional prior only (USGS COALQUAL regional pattern, per US_Coal_Ash_Pond_Inventory.xlsx Read Me). Real plant-level EIA-860 coal type from census_data_towns_and_power_plants_1.xlsx is used instead wherever available and always overrides this prior.",national_prior_94pct_unlined
Wisconsin,French Island,La Crosse,Not indicated,https://corporate.my.xcelenergy.com/s/energy/sources/coal/coal-ash-management,Midwest,Subbituminous,,,,,,,,,regional_prior,"Regional prior only (USGS COALQUAL regional pattern, per US_Coal_Ash_Pond_Inventory.xlsx Read Me). Real plant-level EIA-860 coal type from census_data_towns_and_power_plants_1.xlsx is used instead wherever available and always overrides this prior.",national_prior_94pct_unlined
Wyoming,Osage Power Plant,Osage,Potential (2),https://www.blackhillsenergy.com/our-company/delivering-energy/coal-combustion-residuals-ccr-rule-compliance-data-and-information,West,Subbituminous,Not currently coal-fired,N/A (no impoundment),,6826.0,89509.0,9.0,,,regional_prior,"Regional prior only (USGS COALQUAL regional pattern, per US_Coal_Ash_Pond_Inventory.xlsx Read Me). Real plant-level EIA-860 coal type from census_data_towns_and_power_plants_1.xlsx is used instead wherever available and always overrides this prior.",matched
Wyoming,Dave Johnston,Glen Rock,No,https://www.pacificorp.com/environment/environmental-applications-compliance.html,West,Subbituminous,"Refined coal,Subbituminous",Yes (lined),Operating - in service,13762.0,81558.0,10.6,2725260.0,8.0,EIA-860 (matched),Matched to census_data_towns_and_power_plants_1.xlsx (EIA-860 2024).,matched
Wyoming,Jim Bridger,Point of Rocks,No,https://www.pacificorp.com/environment/environmental-applications-compliance.html,West,Subbituminous,Subbituminous,N/A (no impoundment),,41542.0,75034.0,12.9,2871499.0,2.0,EIA-860 (matched),Matched to census_data_towns_and_power_plants_1.xlsx (EIA-860 2024).,matched
Wyoming,Laramie River Station,Wheatland,No,https://www.basinelectric.com/environment/coal-combustion-residuals-ccr-rule-compliance-data-and-information,West,Subbituminous,"Refined coal,Subbituminous",Yes (lined),Operating - in service,8612.0,67718.0,7.7,4377464.0,5.0,EIA-860 (matched),Matched to census_data_towns_and_power_plants_1.xlsx (EIA-860 2024).,matched
Wyoming,Naughton,Kemmerer,No,https://www.pacificorp.com/environment/environmental-applications-compliance.html,West,Subbituminous,Subbituminous,No (unlined),Operating - in service,20486.0,89330.0,7.5,910111.0,4.0,EIA-860 (matched),Matched to census_data_towns_and_power_plants_1.xlsx (EIA-860 2024).,matched
